Transaction_ID,Customer_ID,Date,Amount_INR,Product_Category
TX_100001,CUST_0001,25-05-2026,8554,Sports & Outdoors
TX_100002,CUST_0001,27-02-2026,7623,Home & Kitchen
TX_100003,CUST_0001,14-02-2026,10607,Home & Kitchen
TX_100004,CUST_0002,04-05-2026,4475,Electronics
TX_100005,CUST_0002,07-03-2026,3199,Home & Kitchen
TX_100006,CUST_0002,15-02-2026,2781,Home & Kitchen
TX_100007,CUST_0002,27-11-2025,4375,Electronics
TX_100008,CUST_0002,11-10-2025,3680,Apparel
TX_100009,CUST_0002,13-07-2025,2755,Sports & Outdoors
TX_100010,CUST_0002,15-04-2025,2930,Electronics
TX_100011,CUST_0002,18-02-2025,3154,Apparel
TX_100012,CUST_0003,28-10-2025,2370,Sports & Outdoors
TX_100013,CUST_0004,13-05-2026,3336,Home & Kitchen
TX_100014,CUST_0004,22-02-2026,3511,Home & Kitchen
TX_100015,CUST_0004,11-02-2026,4452,Apparel
TX_100016,CUST_0004,18-01-2026,3744,Sports & Outdoors
TX_100017,CUST_0004,01-11-2025,4932,Beauty & Health
TX_100018,CUST_0004,18-09-2025,3219,Sports & Outdoors
TX_100019,CUST_0004,27-07-2025,3479,Sports & Outdoors
TX_100020,CUST_0004,03-07-2025,3918,Beauty & Health
TX_100021,CUST_0004,17-05-2025,3596,Apparel
TX_100022,CUST_0005,06-01-2026,1662,Apparel
TX_100023,CUST_0006,18-05-2026,8633,Beauty & Health
TX_100024,CUST_0006,26-04-2026,7686,Electronics
TX_100025,CUST_0006,04-04-2026,8868,Apparel
TX_100026,CUST_0007,27-05-2026,13652,Electronics
TX_100027,CUST_0007,06-05-2026,13788,Beauty & Health
TX_100028,CUST_0007,27-03-2026,14502,Sports & Outdoors
TX_100029,CUST_0007,24-02-2026,13081,Apparel
TX_100030,CUST_0007,24-12-2025,12593,Home & Kitchen
TX_100031,CUST_0007,13-10-2025,8346,Sports & Outdoors
TX_100032,CUST_0007,03-08-2025,15068,Electronics
TX_100033,CUST_0007,27-06-2025,9338,Apparel
TX_100034,CUST_0007,27-04-2025,6347,Sports & Outdoors
TX_100035,CUST_0008,20-05-2026,2964,Home & Kitchen
TX_100036,CUST_0008,02-04-2026,3287,Sports & Outdoors
TX_100037,CUST_0008,24-01-2026,4219,Sports & Outdoors
TX_100038,CUST_0008,05-12-2025,2682,Apparel
TX_100039,CUST_0008,16-11-2025,3893,Home & Kitchen
TX_100040,CUST_0008,05-11-2025,4009,Apparel
TX_100041,CUST_0009,19-05-2026,8709,Sports & Outdoors
TX_100042,CUST_0009,30-04-2026,8237,Electronics
TX_100043,CUST_0009,01-04-2026,9299,Apparel
TX_100044,CUST_0010,31-05-2026,4105,Beauty & Health
TX_100045,CUST_0010,08-05-2026,5844,Apparel
TX_100046,CUST_0010,11-03-2026,5902,Beauty & Health
TX_100047,CUST_0011,17-05-2026,2344,Electronics
TX_100048,CUST_0011,28-03-2026,3641,Apparel
TX_100049,CUST_0011,22-01-2026,3299,Home & Kitchen
TX_100050,CUST_0011,27-10-2025,4002,Electronics
TX_100051,CUST_0011,13-08-2025,3931,Home & Kitchen
TX_100052,CUST_0011,20-07-2025,3839,Home & Kitchen
TX_100053,CUST_0011,22-05-2025,3592,Beauty & Health
TX_100054,CUST_0011,28-02-2025,3726,Sports & Outdoors
TX_100055,CUST_0011,25-01-2025,4157,Apparel
TX_100056,CUST_0012,24-05-2026,4176,Sports & Outdoors
TX_100057,CUST_0012,24-02-2026,2118,Beauty & Health
TX_100058,CUST_0012,03-01-2026,3338,Electronics
TX_100059,CUST_0012,13-12-2025,1530,Sports & Outdoors
TX_100060,CUST_0012,03-11-2025,3390,Electronics
TX_100061,CUST_0012,15-09-2025,3199,Sports & Outdoors
TX_100062,CUST_0012,08-08-2025,4050,Sports & Outdoors
TX_100063,CUST_0012,04-07-2025,2420,Beauty & Health
TX_100064,CUST_0012,06-06-2025,3453,Apparel
TX_100065,CUST_0012,24-05-2025,4145,Sports & Outdoors
TX_100066,CUST_0012,09-05-2025,3472,Beauty & Health
TX_100067,CUST_0012,29-03-2025,2688,Home & Kitchen
TX_100068,CUST_0013,21-05-2026,3059,Sports & Outdoors
TX_100069,CUST_0013,26-02-2026,3477,Beauty & Health
TX_100070,CUST_0013,14-02-2026,2526,Beauty & Health
TX_100071,CUST_0013,23-11-2025,5429,Apparel
TX_100072,CUST_0013,26-09-2025,4868,Electronics
TX_100073,CUST_0013,17-07-2025,2500,Beauty & Health
TX_100074,CUST_0013,07-07-2025,2909,Home & Kitchen
TX_100075,CUST_0013,13-05-2025,2912,Beauty & Health
TX_100076,CUST_0013,26-03-2025,2847,Beauty & Health
TX_100077,CUST_0013,26-01-2025,4441,Electronics
TX_100078,CUST_0014,14-05-2026,6500,Beauty & Health
TX_100079,CUST_0015,05-05-2026,5041,Beauty & Health
TX_100080,CUST_0015,02-03-2026,2570,Home & Kitchen
TX_100081,CUST_0015,04-01-2026,5479,Beauty & Health
TX_100082,CUST_0015,17-12-2025,3223,Sports & Outdoors
TX_100083,CUST_0015,04-10-2025,1356,Electronics
TX_100084,CUST_0015,12-08-2025,2947,Beauty & Health
TX_100085,CUST_0015,01-08-2025,3788,Home & Kitchen
TX_100086,CUST_0015,30-05-2025,2945,Home & Kitchen
TX_100087,CUST_0015,19-03-2025,1669,Home & Kitchen
TX_100088,CUST_0015,24-02-2025,3658,Apparel
TX_100089,CUST_0016,30-05-2026,11069,Home & Kitchen
TX_100090,CUST_0016,19-04-2026,11030,Apparel
TX_100091,CUST_0016,01-03-2026,9538,Apparel
TX_100092,CUST_0016,07-12-2025,7951,Home & Kitchen
TX_100093,CUST_0016,11-10-2025,12117,Electronics
TX_100094,CUST_0016,02-08-2025,13621,Home & Kitchen
TX_100095,CUST_0016,14-05-2025,12161,Electronics
TX_100096,CUST_0016,26-02-2025,12605,Apparel
TX_100097,CUST_0016,03-01-2025,13913,Electronics
TX_100098,CUST_0017,18-11-2025,1526,Sports & Outdoors
TX_100099,CUST_0018,20-05-2026,9085,Apparel
TX_100100,CUST_0018,03-05-2026,8439,Electronics
TX_100101,CUST_0019,31-05-2026,10344,Sports & Outdoors
TX_100102,CUST_0019,07-03-2026,14576,Beauty & Health
TX_100103,CUST_0019,31-01-2026,14155,Home & Kitchen
TX_100104,CUST_0019,28-11-2025,12003,Electronics
TX_100105,CUST_0019,04-11-2025,15041,Home & Kitchen
TX_100106,CUST_0019,17-08-2025,12365,Apparel
TX_100107,CUST_0019,10-07-2025,17242,Home & Kitchen
TX_100108,CUST_0019,11-06-2025,13104,Apparel
TX_100109,CUST_0019,28-04-2025,11709,Home & Kitchen
TX_100110,CUST_0019,31-03-2025,9364,Beauty & Health
TX_100111,CUST_0019,12-03-2025,15036,Beauty & Health
TX_100112,CUST_0019,23-02-2025,10266,Apparel
TX_100113,CUST_0020,12-05-2026,4544,Beauty & Health
TX_100114,CUST_0020,28-02-2026,3696,Apparel
TX_100115,CUST_0020,30-11-2025,3337,Electronics
TX_100116,CUST_0020,25-09-2025,3440,Apparel
TX_100117,CUST_0020,09-09-2025,3492,Sports & Outdoors
TX_100118,CUST_0020,04-08-2025,3982,Beauty & Health
TX_100119,CUST_0020,21-06-2025,3614,Sports & Outdoors
TX_100120,CUST_0020,02-04-2025,3593,Electronics
TX_100121,CUST_0020,07-03-2025,2037,Beauty & Health
TX_100122,CUST_0021,25-05-2026,4329,Home & Kitchen
TX_100123,CUST_0021,28-03-2026,4639,Beauty & Health
TX_100124,CUST_0021,19-01-2026,3035,Apparel
TX_100125,CUST_0021,29-11-2025,3493,Sports & Outdoors
TX_100126,CUST_0021,26-10-2025,4456,Electronics
TX_100127,CUST_0021,16-09-2025,4417,Sports & Outdoors
TX_100128,CUST_0021,25-06-2025,4025,Sports & Outdoors
TX_100129,CUST_0021,27-04-2025,4255,Home & Kitchen
TX_100130,CUST_0021,19-03-2025,3259,Beauty & Health
TX_100131,CUST_0022,05-11-2025,1874,Sports & Outdoors
TX_100132,CUST_0023,25-05-2026,3377,Sports & Outdoors
TX_100133,CUST_0023,18-03-2026,3980,Home & Kitchen
TX_100134,CUST_0023,04-02-2026,2829,Beauty & Health
TX_100135,CUST_0023,24-01-2026,2627,Home & Kitchen
TX_100136,CUST_0023,16-11-2025,3799,Sports & Outdoors
TX_100137,CUST_0023,01-10-2025,5512,Home & Kitchen
TX_100138,CUST_0023,14-07-2025,3991,Home & Kitchen
TX_100139,CUST_0023,14-06-2025,3023,Home & Kitchen
TX_100140,CUST_0023,26-05-2025,4374,Apparel
TX_100141,CUST_0024,13-05-2026,7307,Home & Kitchen
TX_100142,CUST_0024,17-04-2026,9144,Beauty & Health
TX_100143,CUST_0025,01-11-2025,2057,Home & Kitchen
TX_100144,CUST_0025,02-09-2025,2408,Home & Kitchen
TX_100145,CUST_0025,22-08-2025,1561,Electronics
TX_100146,CUST_0025,10-07-2025,1621,Electronics
TX_100147,CUST_0026,27-05-2026,7192,Apparel
TX_100148,CUST_0026,09-03-2026,10874,Beauty & Health
TX_100149,CUST_0027,07-05-2026,7090,Beauty & Health
TX_100150,CUST_0027,08-03-2026,6666,Sports & Outdoors
TX_100151,CUST_0027,22-01-2026,8929,Sports & Outdoors
TX_100152,CUST_0028,05-05-2026,3640,Beauty & Health
TX_100153,CUST_0028,11-03-2026,3388,Sports & Outdoors
TX_100154,CUST_0028,30-01-2026,2418,Sports & Outdoors
TX_100155,CUST_0028,06-11-2025,4552,Beauty & Health
TX_100156,CUST_0028,16-09-2025,3703,Beauty & Health
TX_100157,CUST_0028,04-09-2025,4330,Electronics
TX_100158,CUST_0028,03-08-2025,3352,Electronics
TX_100159,CUST_0028,21-06-2025,4308,Apparel
TX_100160,CUST_0028,05-06-2025,2677,Sports & Outdoors
TX_100161,CUST_0028,10-05-2025,3598,Sports & Outdoors
TX_100162,CUST_0028,08-03-2025,3576,Sports & Outdoors
TX_100163,CUST_0029,21-05-2026,3862,Apparel
TX_100164,CUST_0029,21-03-2026,3987,Electronics
TX_100165,CUST_0029,17-01-2026,4464,Sports & Outdoors
TX_100166,CUST_0029,26-12-2025,4929,Electronics
TX_100167,CUST_0029,06-11-2025,2531,Beauty & Health
TX_100168,CUST_0029,03-09-2025,3017,Apparel
TX_100169,CUST_0029,15-07-2025,2584,Electronics
TX_100170,CUST_0030,09-05-2026,2160,Electronics
TX_100171,CUST_0030,26-03-2026,2306,Beauty & Health
TX_100172,CUST_0030,05-02-2026,3333,Home & Kitchen
TX_100173,CUST_0030,14-12-2025,3117,Sports & Outdoors
TX_100174,CUST_0030,21-10-2025,4632,Apparel
TX_100175,CUST_0030,11-10-2025,2269,Electronics
TX_100176,CUST_0030,08-09-2025,2574,Beauty & Health
TX_100177,CUST_0030,11-08-2025,3750,Apparel
TX_100178,CUST_0030,21-05-2025,3894,Beauty & Health
TX_100179,CUST_0030,21-03-2025,1840,Sports & Outdoors
TX_100180,CUST_0030,03-03-2025,3444,Electronics
TX_100181,CUST_0031,06-05-2026,3743,Beauty & Health
TX_100182,CUST_0031,12-03-2026,3014,Home & Kitchen
TX_100183,CUST_0031,21-02-2026,3323,Home & Kitchen
TX_100184,CUST_0031,23-12-2025,2643,Sports & Outdoors
TX_100185,CUST_0031,08-12-2025,3933,Apparel
TX_100186,CUST_0031,04-10-2025,1914,Sports & Outdoors
TX_100187,CUST_0031,22-09-2025,3645,Home & Kitchen
TX_100188,CUST_0031,16-07-2025,3734,Electronics
TX_100189,CUST_0032,26-05-2026,11715,Home & Kitchen
TX_100190,CUST_0032,05-03-2026,12484,Electronics
TX_100191,CUST_0032,06-12-2025,10813,Electronics
TX_100192,CUST_0032,16-10-2025,11368,Electronics
TX_100193,CUST_0032,18-07-2025,12800,Beauty & Health
TX_100194,CUST_0032,29-05-2025,18021,Electronics
TX_100195,CUST_0032,30-04-2025,11093,Apparel
TX_100196,CUST_0032,23-02-2025,10832,Apparel
TX_100197,CUST_0032,05-02-2025,14858,Home & Kitchen
TX_100198,CUST_0033,02-11-2025,2135,Electronics
TX_100199,CUST_0034,11-05-2026,7213,Home & Kitchen
TX_100200,CUST_0034,15-04-2026,10443,Sports & Outdoors
TX_100201,CUST_0034,19-01-2026,8022,Home & Kitchen
TX_100202,CUST_0034,30-12-2025,6952,Beauty & Health
TX_100203,CUST_0035,25-05-2026,13532,Beauty & Health
TX_100204,CUST_0035,26-04-2026,10800,Beauty & Health
TX_100205,CUST_0035,27-03-2026,13719,Sports & Outdoors
TX_100206,CUST_0035,22-02-2026,15087,Home & Kitchen
TX_100207,CUST_0035,25-11-2025,13919,Beauty & Health
TX_100208,CUST_0035,25-10-2025,13199,Home & Kitchen
TX_100209,CUST_0035,20-08-2025,9041,Home & Kitchen
TX_100210,CUST_0035,05-08-2025,12208,Sports & Outdoors
TX_100211,CUST_0035,04-06-2025,13685,Apparel
TX_100212,CUST_0035,09-04-2025,9849,Apparel
TX_100213,CUST_0035,28-02-2025,14524,Beauty & Health
TX_100214,CUST_0036,19-04-2026,3542,Home & Kitchen
TX_100215,CUST_0036,08-02-2026,3089,Apparel
TX_100216,CUST_0036,03-12-2025,2966,Beauty & Health
TX_100217,CUST_0036,06-09-2025,3499,Sports & Outdoors
TX_100218,CUST_0036,27-08-2025,3865,Home & Kitchen
TX_100219,CUST_0036,07-08-2025,3247,Apparel
TX_100220,CUST_0036,26-07-2025,3619,Electronics
TX_100221,CUST_0036,14-06-2025,3550,Sports & Outdoors
TX_100222,CUST_0036,08-05-2025,3783,Sports & Outdoors
TX_100223,CUST_0036,09-04-2025,3621,Beauty & Health
TX_100224,CUST_0036,19-01-2025,2478,Home & Kitchen
TX_100225,CUST_0037,20-05-2026,3133,Beauty & Health
TX_100226,CUST_0037,12-03-2026,2127,Apparel
TX_100227,CUST_0037,31-12-2025,1370,Electronics
TX_100228,CUST_0037,02-10-2025,4251,Electronics
TX_100229,CUST_0037,30-08-2025,4229,Beauty & Health
TX_100230,CUST_0037,03-08-2025,3489,Sports & Outdoors
TX_100231,CUST_0037,16-07-2025,3151,Beauty & Health
TX_100232,CUST_0037,09-05-2025,2046,Apparel
TX_100233,CUST_0038,16-05-2026,3895,Sports & Outdoors
TX_100234,CUST_0038,22-03-2026,4788,Electronics
TX_100235,CUST_0038,24-12-2025,2250,Beauty & Health
TX_100236,CUST_0038,20-10-2025,4103,Beauty & Health
TX_100237,CUST_0038,05-09-2025,2635,Home & Kitchen
TX_100238,CUST_0038,19-08-2025,2758,Sports & Outdoors
TX_100239,CUST_0038,31-07-2025,2714,Home & Kitchen
TX_100240,CUST_0039,18-05-2026,6782,Beauty & Health
TX_100241,CUST_0039,29-04-2026,9486,Sports & Outdoors
TX_100242,CUST_0040,18-05-2026,3006,Beauty & Health
TX_100243,CUST_0040,10-03-2026,3652,Sports & Outdoors
TX_100244,CUST_0040,20-12-2025,3855,Sports & Outdoors
TX_100245,CUST_0040,24-11-2025,1751,Sports & Outdoors
TX_100246,CUST_0040,28-08-2025,3734,Apparel
TX_100247,CUST_0040,07-08-2025,2464,Electronics
TX_100248,CUST_0040,20-07-2025,4443,Home & Kitchen
TX_100249,CUST_0040,01-06-2025,2820,Apparel
TX_100250,CUST_0041,07-05-2026,4005,Apparel
TX_100251,CUST_0041,12-02-2026,4127,Electronics
TX_100252,CUST_0041,14-01-2026,3492,Home & Kitchen
TX_100253,CUST_0041,14-12-2025,3779,Apparel
TX_100254,CUST_0041,16-09-2025,4827,Home & Kitchen
TX_100255,CUST_0041,21-06-2025,3295,Apparel
TX_100256,CUST_0041,29-04-2025,3339,Apparel
TX_100257,CUST_0041,06-02-2025,3243,Home & Kitchen
TX_100258,CUST_0041,22-01-2025,3094,Home & Kitchen
TX_100259,CUST_0041,09-01-2025,3096,Beauty & Health
TX_100260,CUST_0042,17-05-2026,3287,Beauty & Health
TX_100261,CUST_0042,05-03-2026,4351,Beauty & Health
TX_100262,CUST_0042,21-02-2026,2990,Beauty & Health
TX_100263,CUST_0042,31-01-2026,3193,Sports & Outdoors
TX_100264,CUST_0042,02-12-2025,3633,Home & Kitchen
TX_100265,CUST_0042,19-09-2025,2319,Sports & Outdoors
TX_100266,CUST_0042,13-07-2025,3780,Electronics
TX_100267,CUST_0042,03-06-2025,2790,Home & Kitchen
TX_100268,CUST_0042,27-04-2025,3625,Apparel
TX_100269,CUST_0042,02-02-2025,2658,Sports & Outdoors
TX_100270,CUST_0043,27-05-2026,15706,Electronics
TX_100271,CUST_0043,06-03-2026,12452,Sports & Outdoors
TX_100272,CUST_0043,17-01-2026,12956,Sports & Outdoors
TX_100273,CUST_0043,08-11-2025,11859,Sports & Outdoors
TX_100274,CUST_0043,27-10-2025,13520,Apparel
TX_100275,CUST_0043,31-08-2025,11246,Apparel
TX_100276,CUST_0043,10-07-2025,10633,Beauty & Health
TX_100277,CUST_0043,16-06-2025,10512,Beauty & Health
TX_100278,CUST_0043,14-04-2025,12127,Apparel
TX_100279,CUST_0043,20-01-2025,11703,Sports & Outdoors
TX_100280,CUST_0044,01-05-2026,3890,Beauty & Health
TX_100281,CUST_0044,18-02-2026,4089,Home & Kitchen
TX_100282,CUST_0044,30-12-2025,3931,Sports & Outdoors
TX_100283,CUST_0044,20-10-2025,2782,Home & Kitchen
TX_100284,CUST_0044,27-08-2025,2204,Sports & Outdoors
TX_100285,CUST_0044,07-06-2025,4218,Apparel
TX_100286,CUST_0044,23-04-2025,2453,Beauty & Health
TX_100287,CUST_0044,08-03-2025,4492,Beauty & Health
TX_100288,CUST_0044,11-02-2025,3461,Home & Kitchen
TX_100289,CUST_0045,05-05-2026,3617,Apparel
TX_100290,CUST_0045,21-04-2026,4405,Apparel
TX_100291,CUST_0045,20-02-2026,4133,Beauty & Health
TX_100292,CUST_0045,09-12-2025,4223,Electronics
TX_100293,CUST_0045,06-11-2025,5052,Sports & Outdoors
TX_100294,CUST_0045,20-09-2025,3796,Sports & Outdoors
TX_100295,CUST_0045,06-09-2025,4425,Electronics
TX_100296,CUST_0045,26-08-2025,3349,Apparel
TX_100297,CUST_0045,09-07-2025,3017,Electronics
TX_100298,CUST_0045,18-04-2025,3070,Home & Kitchen
TX_100299,CUST_0045,21-01-2025,4392,Sports & Outdoors
TX_100300,CUST_0046,23-05-2026,14810,Sports & Outdoors
TX_100301,CUST_0046,15-04-2026,11383,Electronics
TX_100302,CUST_0046,08-03-2026,9794,Apparel
TX_100303,CUST_0046,09-02-2026,10770,Electronics
TX_100304,CUST_0046,30-11-2025,14185,Beauty & Health
TX_100305,CUST_0046,01-11-2025,9133,Electronics
TX_100306,CUST_0046,25-08-2025,11671,Beauty & Health
TX_100307,CUST_0046,30-05-2025,12497,Home & Kitchen
TX_100308,CUST_0046,03-04-2025,13268,Electronics
TX_100309,CUST_0046,30-01-2025,13999,Electronics
TX_100310,CUST_0047,28-05-2026,5384,Home & Kitchen
TX_100311,CUST_0047,31-03-2026,3319,Beauty & Health
TX_100312,CUST_0047,01-02-2026,3748,Apparel
TX_100313,CUST_0047,12-01-2026,3436,Apparel
TX_100314,CUST_0047,25-10-2025,3026,Electronics
TX_100315,CUST_0047,28-09-2025,3118,Sports & Outdoors
TX_100316,CUST_0047,05-08-2025,3793,Electronics
TX_100317,CUST_0047,11-07-2025,3324,Apparel
TX_100318,CUST_0047,09-06-2025,5059,Apparel
TX_100319,CUST_0047,23-03-2025,3507,Sports & Outdoors
TX_100320,CUST_0047,22-01-2025,2881,Home & Kitchen
TX_100321,CUST_0048,15-05-2026,4163,Apparel
TX_100322,CUST_0048,18-03-2026,2564,Beauty & Health
TX_100323,CUST_0048,31-12-2025,4800,Beauty & Health
TX_100324,CUST_0048,11-11-2025,3590,Apparel
TX_100325,CUST_0048,09-09-2025,2997,Electronics
TX_100326,CUST_0048,09-07-2025,2919,Sports & Outdoors
TX_100327,CUST_0048,10-06-2025,4617,Apparel
TX_100328,CUST_0048,23-04-2025,4513,Sports & Outdoors
TX_100329,CUST_0048,24-02-2025,3009,Home & Kitchen
TX_100330,CUST_0048,22-01-2025,3011,Electronics
TX_100331,CUST_0049,20-05-2026,9844,Beauty & Health
TX_100332,CUST_0049,06-03-2026,8990,Apparel
TX_100333,CUST_0050,23-05-2026,1877,Beauty & Health
TX_100334,CUST_0050,12-04-2026,3704,Electronics
TX_100335,CUST_0050,29-01-2026,4117,Apparel
TX_100336,CUST_0050,10-11-2025,2790,Electronics
TX_100337,CUST_0050,18-09-2025,3985,Sports & Outdoors
TX_100338,CUST_0050,07-08-2025,3376,Home & Kitchen
TX_100339,CUST_0050,27-05-2025,3568,Sports & Outdoors
TX_100340,CUST_0050,16-03-2025,4818,Apparel
TX_100341,CUST_0050,07-01-2025,2903,Sports & Outdoors
TX_100342,CUST_0051,24-04-2026,4834,Home & Kitchen
TX_100343,CUST_0051,10-04-2026,4136,Electronics
TX_100344,CUST_0051,20-03-2026,4109,Home & Kitchen
TX_100345,CUST_0051,18-01-2026,3590,Home & Kitchen
TX_100346,CUST_0051,21-11-2025,2868,Sports & Outdoors
TX_100347,CUST_0051,24-09-2025,4251,Sports & Outdoors
TX_100348,CUST_0051,06-07-2025,2555,Apparel
TX_100349,CUST_0051,27-04-2025,4783,Electronics
TX_100350,CUST_0051,10-04-2025,3542,Electronics
TX_100351,CUST_0051,30-03-2025,2780,Electronics
TX_100352,CUST_0051,27-02-2025,2552,Sports & Outdoors
TX_100353,CUST_0051,07-02-2025,2873,Electronics
TX_100354,CUST_0052,31-05-2026,9487,Beauty & Health
TX_100355,CUST_0052,20-04-2026,7472,Electronics
TX_100356,CUST_0052,01-04-2026,10052,Home & Kitchen
TX_100357,CUST_0053,27-05-2026,10169,Apparel
TX_100358,CUST_0053,29-03-2026,10916,Apparel
TX_100359,CUST_0053,18-03-2026,9349,Beauty & Health
TX_100360,CUST_0053,30-01-2026,8838,Home & Kitchen
TX_100361,CUST_0053,29-11-2025,10869,Beauty & Health
TX_100362,CUST_0053,01-10-2025,12400,Electronics
TX_100363,CUST_0053,11-09-2025,9740,Beauty & Health
TX_100364,CUST_0053,22-06-2025,13556,Home & Kitchen
TX_100365,CUST_0053,12-05-2025,10650,Sports & Outdoors
TX_100366,CUST_0053,18-02-2025,10162,Apparel
TX_100367,CUST_0054,05-05-2026,4269,Home & Kitchen
TX_100368,CUST_0054,12-02-2026,3775,Home & Kitchen
TX_100369,CUST_0054,08-01-2026,2462,Beauty & Health
TX_100370,CUST_0054,15-10-2025,3928,Sports & Outdoors
TX_100371,CUST_0054,28-07-2025,3452,Sports & Outdoors
TX_100372,CUST_0054,25-06-2025,3383,Home & Kitchen
TX_100373,CUST_0054,06-04-2025,4974,Sports & Outdoors
TX_100374,CUST_0054,24-03-2025,3707,Apparel
TX_100375,CUST_0054,14-01-2025,3835,Sports & Outdoors
TX_100376,CUST_0055,26-05-2026,11454,Electronics
TX_100377,CUST_0055,18-04-2026,13211,Home & Kitchen
TX_100378,CUST_0055,10-02-2026,11806,Beauty & Health
TX_100379,CUST_0055,15-12-2025,11423,Beauty & Health
TX_100380,CUST_0055,16-10-2025,11112,Electronics
TX_100381,CUST_0055,08-08-2025,9506,Electronics
TX_100382,CUST_0055,15-05-2025,12727,Apparel
TX_100383,CUST_0055,02-03-2025,12122,Home & Kitchen
TX_100384,CUST_0055,01-02-2025,16943,Apparel
TX_100385,CUST_0056,28-05-2026,8992,Sports & Outdoors
TX_100386,CUST_0056,10-05-2026,6804,Beauty & Health
TX_100387,CUST_0057,21-05-2026,13356,Beauty & Health
TX_100388,CUST_0057,03-04-2026,12778,Beauty & Health
TX_100389,CUST_0057,05-01-2026,9041,Apparel
TX_100390,CUST_0057,12-10-2025,12369,Apparel
TX_100391,CUST_0057,22-09-2025,15046,Electronics
TX_100392,CUST_0057,26-08-2025,11934,Beauty & Health
TX_100393,CUST_0057,07-07-2025,15217,Beauty & Health
TX_100394,CUST_0057,12-06-2025,11386,Beauty & Health
TX_100395,CUST_0057,03-05-2025,11957,Electronics
TX_100396,CUST_0057,15-03-2025,13302,Electronics
TX_100397,CUST_0057,19-02-2025,10329,Apparel
TX_100398,CUST_0057,17-01-2025,14217,Beauty & Health
TX_100399,CUST_0058,19-04-2026,2875,Apparel
TX_100400,CUST_0058,21-01-2026,4475,Sports & Outdoors
TX_100401,CUST_0058,23-10-2025,2848,Home & Kitchen
TX_100402,CUST_0058,20-08-2025,4429,Sports & Outdoors
TX_100403,CUST_0058,20-07-2025,2309,Apparel
TX_100404,CUST_0058,23-04-2025,4608,Beauty & Health
TX_100405,CUST_0059,17-05-2026,14205,Home & Kitchen
TX_100406,CUST_0059,10-03-2026,13701,Sports & Outdoors
TX_100407,CUST_0059,28-12-2025,14651,Electronics
TX_100408,CUST_0059,07-11-2025,12745,Home & Kitchen
TX_100409,CUST_0059,15-08-2025,9755,Home & Kitchen
TX_100410,CUST_0059,05-08-2025,12538,Home & Kitchen
TX_100411,CUST_0059,15-07-2025,15167,Beauty & Health
TX_100412,CUST_0059,08-05-2025,13800,Electronics
TX_100413,CUST_0059,14-03-2025,10933,Sports & Outdoors
TX_100414,CUST_0059,24-02-2025,9064,Electronics
TX_100415,CUST_0060,31-05-2026,11259,Apparel
TX_100416,CUST_0060,13-04-2026,15752,Beauty & Health
TX_100417,CUST_0060,17-03-2026,12498,Beauty & Health
TX_100418,CUST_0060,18-01-2026,11260,Home & Kitchen
TX_100419,CUST_0060,22-12-2025,12659,Sports & Outdoors
TX_100420,CUST_0060,24-11-2025,12874,Electronics
TX_100421,CUST_0060,06-11-2025,15494,Home & Kitchen
TX_100422,CUST_0060,21-08-2025,9428,Apparel
TX_100423,CUST_0060,31-05-2025,13207,Electronics
TX_100424,CUST_0060,20-05-2025,16721,Apparel
TX_100425,CUST_0060,21-02-2025,11980,Beauty & Health
TX_100426,CUST_0060,21-01-2025,12509,Electronics
TX_100427,CUST_0061,03-12-2025,1227,Sports & Outdoors
TX_100428,CUST_0061,03-10-2025,1640,Electronics
TX_100429,CUST_0062,25-05-2026,3645,Home & Kitchen
TX_100430,CUST_0062,23-04-2026,2976,Home & Kitchen
TX_100431,CUST_0062,29-03-2026,3862,Electronics
TX_100432,CUST_0062,18-03-2026,3103,Sports & Outdoors
TX_100433,CUST_0062,19-02-2026,3613,Beauty & Health
TX_100434,CUST_0062,08-02-2026,3515,Sports & Outdoors
TX_100435,CUST_0062,09-01-2026,2957,Electronics
TX_100436,CUST_0062,28-10-2025,5160,Electronics
TX_100437,CUST_0062,04-09-2025,2741,Electronics
TX_100438,CUST_0063,21-12-2025,1780,Electronics
TX_100439,CUST_0064,20-05-2026,9129,Apparel
TX_100440,CUST_0064,09-04-2026,12391,Electronics
TX_100441,CUST_0064,30-01-2026,15574,Home & Kitchen
TX_100442,CUST_0064,04-12-2025,9109,Apparel
TX_100443,CUST_0064,10-09-2025,4912,Apparel
TX_100444,CUST_0064,29-06-2025,12800,Apparel
TX_100445,CUST_0064,25-05-2025,14838,Home & Kitchen
TX_100446,CUST_0064,07-03-2025,11434,Sports & Outdoors
TX_100447,CUST_0064,25-01-2025,12411,Apparel
TX_100448,CUST_0065,07-05-2026,2653,Beauty & Health
TX_100449,CUST_0065,14-04-2026,3142,Electronics
TX_100450,CUST_0065,14-03-2026,2590,Sports & Outdoors
TX_100451,CUST_0065,06-01-2026,3239,Apparel
TX_100452,CUST_0065,29-10-2025,4564,Electronics
TX_100453,CUST_0065,09-09-2025,3828,Apparel
TX_100454,CUST_0065,09-07-2025,2419,Beauty & Health
TX_100455,CUST_0065,14-06-2025,3670,Electronics
TX_100456,CUST_0065,28-03-2025,3234,Apparel
TX_100457,CUST_0066,28-05-2026,12759,Apparel
TX_100458,CUST_0066,06-04-2026,13932,Beauty & Health
TX_100459,CUST_0066,12-03-2026,12542,Home & Kitchen
TX_100460,CUST_0066,25-02-2026,11967,Beauty & Health
TX_100461,CUST_0066,18-12-2025,9908,Apparel
TX_100462,CUST_0066,02-12-2025,11224,Sports & Outdoors
TX_100463,CUST_0066,01-11-2025,12152,Beauty & Health
TX_100464,CUST_0066,10-08-2025,13509,Sports & Outdoors
TX_100465,CUST_0066,06-06-2025,13472,Sports & Outdoors
TX_100466,CUST_0066,07-04-2025,12013,Apparel
TX_100467,CUST_0066,24-01-2025,8071,Beauty & Health
TX_100468,CUST_0066,11-01-2025,12433,Apparel
TX_100469,CUST_0067,30-12-2025,2318,Sports & Outdoors
TX_100470,CUST_0068,28-05-2026,11601,Home & Kitchen
TX_100471,CUST_0068,01-03-2026,13415,Beauty & Health
TX_100472,CUST_0068,25-01-2026,12619,Sports & Outdoors
TX_100473,CUST_0068,30-12-2025,13267,Sports & Outdoors
TX_100474,CUST_0068,07-11-2025,13735,Home & Kitchen
TX_100475,CUST_0068,06-10-2025,16449,Sports & Outdoors
TX_100476,CUST_0068,16-08-2025,9795,Beauty & Health
TX_100477,CUST_0068,30-07-2025,16210,Beauty & Health
TX_100478,CUST_0068,18-07-2025,13020,Electronics
TX_100479,CUST_0068,20-06-2025,12794,Beauty & Health
TX_100480,CUST_0068,27-03-2025,14602,Beauty & Health
TX_100481,CUST_0068,27-02-2025,11182,Beauty & Health
TX_100482,CUST_0068,03-02-2025,14347,Apparel
TX_100483,CUST_0069,26-05-2026,13537,Apparel
TX_100484,CUST_0069,10-05-2026,12825,Electronics
TX_100485,CUST_0069,18-04-2026,11221,Electronics
TX_100486,CUST_0069,25-02-2026,10908,Beauty & Health
TX_100487,CUST_0069,20-01-2026,13843,Sports & Outdoors
TX_100488,CUST_0069,17-12-2025,11386,Beauty & Health
TX_100489,CUST_0069,16-10-2025,11191,Home & Kitchen
TX_100490,CUST_0069,28-07-2025,11719,Home & Kitchen
TX_100491,CUST_0069,10-05-2025,12259,Electronics
TX_100492,CUST_0069,28-03-2025,9833,Sports & Outdoors
TX_100493,CUST_0069,10-02-2025,10788,Apparel
TX_100494,CUST_0070,15-05-2026,9203,Electronics
TX_100495,CUST_0070,21-02-2026,10098,Apparel
TX_100496,CUST_0071,09-11-2025,2203,Electronics
TX_100497,CUST_0072,25-05-2026,6241,Sports & Outdoors
TX_100498,CUST_0072,08-03-2026,8291,Home & Kitchen
TX_100499,CUST_0072,13-01-2026,7345,Beauty & Health
TX_100500,CUST_0072,12-11-2025,7431,Beauty & Health
TX_100501,CUST_0073,06-11-2025,2496,Electronics
TX_100502,CUST_0074,31-05-2026,12392,Beauty & Health
TX_100503,CUST_0074,26-04-2026,12458,Apparel
TX_100504,CUST_0074,12-03-2026,13562,Electronics
TX_100505,CUST_0074,14-01-2026,10797,Apparel
TX_100506,CUST_0074,06-11-2025,10741,Apparel
TX_100507,CUST_0074,24-08-2025,12834,Beauty & Health
TX_100508,CUST_0074,25-06-2025,12336,Electronics
TX_100509,CUST_0074,31-05-2025,11897,Apparel
TX_100510,CUST_0074,18-05-2025,12349,Home & Kitchen
TX_100511,CUST_0074,08-04-2025,18522,Home & Kitchen
TX_100512,CUST_0074,10-02-2025,11580,Home & Kitchen
TX_100513,CUST_0075,03-05-2026,4893,Home & Kitchen
TX_100514,CUST_0075,06-02-2026,3756,Sports & Outdoors
TX_100515,CUST_0075,11-11-2025,3904,Apparel
TX_100516,CUST_0075,26-09-2025,4381,Home & Kitchen
TX_100517,CUST_0075,09-08-2025,2932,Beauty & Health
TX_100518,CUST_0075,17-07-2025,4279,Sports & Outdoors
TX_100519,CUST_0075,07-05-2025,4160,Apparel
TX_100520,CUST_0075,19-04-2025,4206,Beauty & Health
TX_100521,CUST_0075,25-02-2025,3564,Sports & Outdoors
TX_100522,CUST_0075,11-01-2025,3015,Apparel
TX_100523,CUST_0076,12-05-2026,4438,Beauty & Health
TX_100524,CUST_0076,30-03-2026,8544,Beauty & Health
TX_100525,CUST_0076,05-01-2026,10006,Beauty & Health
TX_100526,CUST_0077,04-05-2026,3543,Electronics
TX_100527,CUST_0077,13-04-2026,3731,Home & Kitchen
TX_100528,CUST_0077,18-03-2026,3212,Sports & Outdoors
TX_100529,CUST_0077,20-12-2025,3646,Electronics
TX_100530,CUST_0077,16-10-2025,3109,Sports & Outdoors
TX_100531,CUST_0077,13-08-2025,3699,Apparel
TX_100532,CUST_0077,13-06-2025,1311,Home & Kitchen
TX_100533,CUST_0077,10-04-2025,3911,Beauty & Health
TX_100534,CUST_0077,29-01-2025,2175,Electronics
TX_100535,CUST_0078,14-05-2026,3805,Sports & Outdoors
TX_100536,CUST_0078,02-04-2026,3974,Electronics
TX_100537,CUST_0078,22-01-2026,3541,Home & Kitchen
TX_100538,CUST_0078,24-12-2025,2983,Home & Kitchen
TX_100539,CUST_0078,18-11-2025,3169,Apparel
TX_100540,CUST_0078,20-08-2025,2244,Apparel
TX_100541,CUST_0078,09-08-2025,3997,Apparel
TX_100542,CUST_0078,22-06-2025,3772,Electronics
TX_100543,CUST_0078,20-04-2025,3914,Electronics
TX_100544,CUST_0078,29-03-2025,5061,Beauty & Health
TX_100545,CUST_0079,09-12-2025,2188,Beauty & Health
TX_100546,CUST_0080,25-01-2026,1499,Sports & Outdoors
TX_100547,CUST_0080,23-11-2025,1965,Beauty & Health
TX_100548,CUST_0080,23-10-2025,1559,Home & Kitchen
TX_100549,CUST_0081,14-05-2026,8198,Electronics
TX_100550,CUST_0081,22-03-2026,7367,Beauty & Health
TX_100551,CUST_0081,05-01-2026,6773,Beauty & Health
TX_100552,CUST_0082,31-05-2026,11656,Sports & Outdoors
TX_100553,CUST_0082,31-03-2026,12938,Home & Kitchen
TX_100554,CUST_0082,19-02-2026,15058,Beauty & Health
TX_100555,CUST_0082,30-01-2026,14427,Electronics
TX_100556,CUST_0082,23-11-2025,9521,Sports & Outdoors
TX_100557,CUST_0082,18-09-2025,11731,Beauty & Health
TX_100558,CUST_0082,27-06-2025,10550,Home & Kitchen
TX_100559,CUST_0082,21-04-2025,12261,Electronics
TX_100560,CUST_0082,31-03-2025,7643,Beauty & Health
TX_100561,CUST_0082,17-01-2025,8534,Apparel
TX_100562,CUST_0083,23-05-2026,11880,Apparel
TX_100563,CUST_0083,27-02-2026,12796,Apparel
TX_100564,CUST_0083,15-12-2025,8028,Sports & Outdoors
TX_100565,CUST_0083,18-11-2025,14647,Beauty & Health
TX_100566,CUST_0083,06-09-2025,11286,Apparel
TX_100567,CUST_0083,27-08-2025,14950,Apparel
TX_100568,CUST_0083,11-06-2025,8876,Sports & Outdoors
TX_100569,CUST_0083,26-05-2025,9688,Home & Kitchen
TX_100570,CUST_0083,07-03-2025,12569,Sports & Outdoors
TX_100571,CUST_0083,01-01-2025,14347,Apparel
TX_100572,CUST_0084,20-10-2025,2554,Electronics
TX_100573,CUST_0084,03-08-2025,1892,Electronics
TX_100574,CUST_0084,18-06-2025,969,Apparel
TX_100575,CUST_0084,15-04-2025,2306,Sports & Outdoors
TX_100576,CUST_0085,29-05-2026,12403,Apparel
TX_100577,CUST_0085,09-04-2026,11141,Electronics
TX_100578,CUST_0085,19-01-2026,10700,Sports & Outdoors
TX_100579,CUST_0085,03-01-2026,10969,Apparel
TX_100580,CUST_0085,23-12-2025,12386,Home & Kitchen
TX_100581,CUST_0085,11-11-2025,10151,Electronics
TX_100582,CUST_0085,07-10-2025,10245,Electronics
TX_100583,CUST_0085,10-07-2025,14506,Home & Kitchen
TX_100584,CUST_0085,05-05-2025,11924,Home & Kitchen
TX_100585,CUST_0085,28-03-2025,14025,Sports & Outdoors
TX_100586,CUST_0085,30-01-2025,9005,Beauty & Health
TX_100587,CUST_0086,22-05-2026,2701,Electronics
TX_100588,CUST_0086,23-02-2026,3159,Home & Kitchen
TX_100589,CUST_0086,26-11-2025,2149,Home & Kitchen
TX_100590,CUST_0086,16-10-2025,3539,Beauty & Health
TX_100591,CUST_0086,01-10-2025,2631,Electronics
TX_100592,CUST_0086,11-08-2025,3552,Electronics
TX_100593,CUST_0087,14-05-2026,3269,Beauty & Health
TX_100594,CUST_0087,23-04-2026,3406,Electronics
TX_100595,CUST_0087,04-04-2026,3633,Sports & Outdoors
TX_100596,CUST_0087,19-03-2026,3107,Home & Kitchen
TX_100597,CUST_0087,15-02-2026,4063,Electronics
TX_100598,CUST_0087,04-01-2026,2585,Electronics
TX_100599,CUST_0087,15-10-2025,3423,Apparel
TX_100600,CUST_0087,26-09-2025,5166,Sports & Outdoors
TX_100601,CUST_0087,05-07-2025,2731,Home & Kitchen
TX_100602,CUST_0087,27-05-2025,4995,Home & Kitchen
TX_100603,CUST_0087,14-04-2025,4099,Electronics
TX_100604,CUST_0088,31-05-2026,12786,Apparel
TX_100605,CUST_0088,19-04-2026,13509,Home & Kitchen
TX_100606,CUST_0088,16-03-2026,10508,Apparel
TX_100607,CUST_0088,20-02-2026,8393,Apparel
TX_100608,CUST_0088,18-01-2026,10861,Sports & Outdoors
TX_100609,CUST_0088,28-10-2025,13784,Apparel
TX_100610,CUST_0088,12-10-2025,12353,Home & Kitchen
TX_100611,CUST_0088,24-07-2025,9010,Beauty & Health
TX_100612,CUST_0088,16-05-2025,10803,Home & Kitchen
TX_100613,CUST_0088,25-02-2025,14413,Home & Kitchen
TX_100614,CUST_0088,06-02-2025,13837,Electronics
TX_100615,CUST_0089,21-05-2026,14936,Apparel
TX_100616,CUST_0089,26-02-2026,11407,Sports & Outdoors
TX_100617,CUST_0089,04-12-2025,13128,Beauty & Health
TX_100618,CUST_0089,04-10-2025,12004,Home & Kitchen
TX_100619,CUST_0089,11-07-2025,12022,Sports & Outdoors
TX_100620,CUST_0089,04-06-2025,14602,Apparel
TX_100621,CUST_0089,21-05-2025,11775,Sports & Outdoors
TX_100622,CUST_0089,02-03-2025,13567,Home & Kitchen
TX_100623,CUST_0089,18-01-2025,10748,Apparel
TX_100624,CUST_0090,24-05-2026,10232,Home & Kitchen
TX_100625,CUST_0090,03-03-2026,11912,Sports & Outdoors
TX_100626,CUST_0090,30-01-2026,11732,Sports & Outdoors
TX_100627,CUST_0090,03-12-2025,12624,Apparel
TX_100628,CUST_0090,06-10-2025,9046,Electronics
TX_100629,CUST_0090,11-08-2025,12944,Home & Kitchen
TX_100630,CUST_0090,18-05-2025,13457,Beauty & Health
TX_100631,CUST_0090,29-04-2025,11824,Beauty & Health
TX_100632,CUST_0090,12-02-2025,12300,Sports & Outdoors
TX_100633,CUST_0090,01-01-2025,9945,Apparel
TX_100634,CUST_0091,28-04-2026,3661,Beauty & Health
TX_100635,CUST_0091,03-02-2026,3843,Beauty & Health
TX_100636,CUST_0091,01-01-2026,4635,Apparel
TX_100637,CUST_0091,04-10-2025,3414,Electronics
TX_100638,CUST_0091,21-07-2025,4606,Electronics
TX_100639,CUST_0091,08-06-2025,1860,Sports & Outdoors
TX_100640,CUST_0091,08-05-2025,3553,Beauty & Health
TX_100641,CUST_0091,16-03-2025,3548,Electronics
TX_100642,CUST_0091,07-01-2025,3975,Beauty & Health
TX_100643,CUST_0092,31-05-2026,7710,Electronics
TX_100644,CUST_0092,13-03-2026,8227,Electronics
TX_100645,CUST_0093,28-04-2026,3600,Home & Kitchen
TX_100646,CUST_0093,23-03-2026,3971,Beauty & Health
TX_100647,CUST_0093,20-01-2026,4366,Beauty & Health
TX_100648,CUST_0093,01-11-2025,2384,Home & Kitchen
TX_100649,CUST_0093,12-08-2025,4569,Electronics
TX_100650,CUST_0093,02-06-2025,3405,Apparel
TX_100651,CUST_0093,01-05-2025,3046,Beauty & Health
TX_100652,CUST_0093,05-03-2025,4486,Sports & Outdoors
TX_100653,CUST_0094,12-05-2026,4093,Beauty & Health
TX_100654,CUST_0094,13-02-2026,3337,Electronics
TX_100655,CUST_0094,13-01-2026,3849,Electronics
TX_100656,CUST_0094,30-12-2025,3748,Sports & Outdoors
TX_100657,CUST_0094,04-11-2025,4373,Home & Kitchen
TX_100658,CUST_0095,12-05-2026,3395,Sports & Outdoors
TX_100659,CUST_0095,23-02-2026,4459,Home & Kitchen
TX_100660,CUST_0095,02-12-2025,2958,Home & Kitchen
TX_100661,CUST_0095,21-10-2025,3522,Home & Kitchen
TX_100662,CUST_0095,16-08-2025,3119,Home & Kitchen
TX_100663,CUST_0095,19-06-2025,3450,Sports & Outdoors
TX_100664,CUST_0095,29-03-2025,3498,Apparel
TX_100665,CUST_0095,17-01-2025,4144,Apparel
TX_100666,CUST_0096,01-12-2025,1838,Sports & Outdoors
TX_100667,CUST_0096,21-09-2025,2621,Sports & Outdoors
TX_100668,CUST_0097,12-05-2026,3709,Sports & Outdoors
TX_100669,CUST_0097,01-05-2026,3054,Sports & Outdoors
TX_100670,CUST_0097,20-04-2026,3236,Beauty & Health
TX_100671,CUST_0097,15-03-2026,2172,Home & Kitchen
TX_100672,CUST_0097,16-01-2026,3191,Beauty & Health
TX_100673,CUST_0097,24-10-2025,2994,Sports & Outdoors
TX_100674,CUST_0097,02-10-2025,4873,Home & Kitchen
TX_100675,CUST_0097,12-08-2025,4438,Beauty & Health
TX_100676,CUST_0097,17-06-2025,4121,Electronics
TX_100677,CUST_0098,27-05-2026,10916,Home & Kitchen
TX_100678,CUST_0098,27-04-2026,11090,Home & Kitchen
TX_100679,CUST_0098,10-04-2026,9564,Sports & Outdoors
TX_100680,CUST_0098,04-03-2026,10478,Beauty & Health
TX_100681,CUST_0098,21-01-2026,13704,Electronics
TX_100682,CUST_0098,12-11-2025,11428,Apparel
TX_100683,CUST_0098,14-08-2025,15515,Home & Kitchen
TX_100684,CUST_0098,23-07-2025,11308,Beauty & Health
TX_100685,CUST_0098,17-05-2025,10497,Home & Kitchen
TX_100686,CUST_0098,26-03-2025,13813,Sports & Outdoors
TX_100687,CUST_0098,11-02-2025,12681,Beauty & Health
TX_100688,CUST_0099,18-05-2026,5331,Electronics
TX_100689,CUST_0099,19-03-2026,11478,Home & Kitchen
TX_100690,CUST_0100,18-05-2026,3262,Sports & Outdoors
TX_100691,CUST_0100,28-02-2026,3252,Sports & Outdoors
TX_100692,CUST_0100,15-01-2026,3099,Sports & Outdoors
TX_100693,CUST_0100,27-10-2025,3088,Home & Kitchen
TX_100694,CUST_0100,22-08-2025,3251,Home & Kitchen
TX_100695,CUST_0100,26-07-2025,3910,Home & Kitchen
TX_100696,CUST_0100,08-05-2025,3457,Beauty & Health
TX_100697,CUST_0100,06-04-2025,4673,Electronics
TX_100698,CUST_0100,11-01-2025,5306,Sports & Outdoors
TX_100699,CUST_0101,05-05-2026,4221,Electronics
TX_100700,CUST_0101,15-04-2026,2886,Beauty & Health
TX_100701,CUST_0101,10-02-2026,3721,Sports & Outdoors
TX_100702,CUST_0101,12-11-2025,3483,Apparel
TX_100703,CUST_0101,03-10-2025,2170,Apparel
TX_100704,CUST_0101,19-07-2025,4402,Apparel
TX_100705,CUST_0101,22-04-2025,4582,Apparel
TX_100706,CUST_0101,09-03-2025,2830,Beauty & Health
TX_100707,CUST_0101,22-01-2025,4097,Apparel
TX_100708,CUST_0102,25-05-2026,15067,Sports & Outdoors
TX_100709,CUST_0102,20-03-2026,12096,Home & Kitchen
TX_100710,CUST_0102,07-02-2026,13595,Electronics
TX_100711,CUST_0102,24-01-2026,10398,Electronics
TX_100712,CUST_0102,20-12-2025,10423,Electronics
TX_100713,CUST_0102,13-10-2025,11527,Electronics
TX_100714,CUST_0102,21-09-2025,12899,Sports & Outdoors
TX_100715,CUST_0102,07-07-2025,10275,Sports & Outdoors
TX_100716,CUST_0102,01-06-2025,12947,Home & Kitchen
TX_100717,CUST_0102,23-03-2025,13660,Electronics
TX_100718,CUST_0102,23-01-2025,10326,Sports & Outdoors
TX_100719,CUST_0103,16-05-2026,8376,Home & Kitchen
TX_100720,CUST_0103,05-03-2026,8825,Sports & Outdoors
TX_100721,CUST_0103,30-01-2026,10394,Electronics
TX_100722,CUST_0104,09-05-2026,2995,Home & Kitchen
TX_100723,CUST_0104,21-04-2026,2378,Electronics
TX_100724,CUST_0104,02-02-2026,2832,Electronics
TX_100725,CUST_0104,05-12-2025,4095,Beauty & Health
TX_100726,CUST_0104,01-11-2025,3618,Home & Kitchen
TX_100727,CUST_0104,16-08-2025,2705,Electronics
TX_100728,CUST_0104,04-06-2025,4356,Electronics
TX_100729,CUST_0104,16-03-2025,2755,Beauty & Health
TX_100730,CUST_0104,15-02-2025,3649,Home & Kitchen
TX_100731,CUST_0105,26-05-2026,12346,Apparel
TX_100732,CUST_0105,06-03-2026,12290,Home & Kitchen
TX_100733,CUST_0105,02-01-2026,15069,Home & Kitchen
TX_100734,CUST_0105,10-12-2025,14013,Beauty & Health
TX_100735,CUST_0105,18-09-2025,13654,Apparel
TX_100736,CUST_0105,25-07-2025,12275,Sports & Outdoors
TX_100737,CUST_0105,18-05-2025,13960,Beauty & Health
TX_100738,CUST_0105,15-03-2025,11701,Electronics
TX_100739,CUST_0105,20-02-2025,11028,Apparel
TX_100740,CUST_0105,20-01-2025,10571,Home & Kitchen
TX_100741,CUST_0106,26-11-2025,2293,Beauty & Health
TX_100742,CUST_0107,10-05-2026,9630,Beauty & Health
TX_100743,CUST_0107,20-04-2026,6374,Apparel
TX_100744,CUST_0107,03-04-2026,8359,Sports & Outdoors
TX_100745,CUST_0108,30-05-2026,12027,Apparel
TX_100746,CUST_0108,02-05-2026,13732,Apparel
TX_100747,CUST_0108,06-04-2026,11880,Apparel
TX_100748,CUST_0108,12-02-2026,12109,Home & Kitchen
TX_100749,CUST_0108,23-01-2026,13403,Sports & Outdoors
TX_100750,CUST_0108,14-11-2025,11597,Home & Kitchen
TX_100751,CUST_0108,23-08-2025,10451,Home & Kitchen
TX_100752,CUST_0108,07-08-2025,10254,Beauty & Health
TX_100753,CUST_0108,19-05-2025,12755,Apparel
TX_100754,CUST_0108,19-03-2025,10354,Electronics
TX_100755,CUST_0108,04-02-2025,9574,Electronics
TX_100756,CUST_0108,15-01-2025,9781,Apparel
TX_100757,CUST_0109,12-05-2026,2913,Electronics
TX_100758,CUST_0109,25-04-2026,3284,Home & Kitchen
TX_100759,CUST_0109,10-03-2026,4938,Apparel
TX_100760,CUST_0109,03-02-2026,4839,Electronics
TX_100761,CUST_0109,06-11-2025,4575,Sports & Outdoors
TX_100762,CUST_0110,13-05-2026,2957,Electronics
TX_100763,CUST_0110,01-05-2026,2927,Beauty & Health
TX_100764,CUST_0110,08-03-2026,3736,Beauty & Health
TX_100765,CUST_0110,12-01-2026,3588,Apparel
TX_100766,CUST_0110,18-11-2025,3234,Beauty & Health
TX_100767,CUST_0110,20-08-2025,2988,Apparel
TX_100768,CUST_0110,03-07-2025,3999,Apparel
TX_100769,CUST_0110,24-05-2025,4220,Sports & Outdoors
TX_100770,CUST_0110,11-03-2025,4486,Apparel
TX_100771,CUST_0110,25-01-2025,3992,Apparel
TX_100772,CUST_0110,08-01-2025,2934,Electronics
TX_100773,CUST_0111,21-05-2026,12934,Sports & Outdoors
TX_100774,CUST_0111,06-04-2026,9060,Home & Kitchen
TX_100775,CUST_0111,08-03-2026,11694,Apparel
TX_100776,CUST_0111,02-02-2026,14375,Apparel
TX_100777,CUST_0111,10-01-2026,10509,Beauty & Health
TX_100778,CUST_0111,15-12-2025,10654,Apparel
TX_100779,CUST_0111,12-11-2025,12947,Beauty & Health
TX_100780,CUST_0111,30-10-2025,14469,Home & Kitchen
TX_100781,CUST_0111,03-08-2025,10889,Sports & Outdoors
TX_100782,CUST_0111,07-05-2025,13303,Home & Kitchen
TX_100783,CUST_0111,24-03-2025,6032,Sports & Outdoors
TX_100784,CUST_0112,15-04-2026,6766,Electronics
TX_100785,CUST_0112,31-03-2026,6575,Home & Kitchen
TX_100786,CUST_0112,09-01-2026,8986,Apparel
TX_100787,CUST_0113,26-05-2026,2306,Apparel
TX_100788,CUST_0113,08-03-2026,2812,Apparel
TX_100789,CUST_0113,09-02-2026,3841,Electronics
TX_100790,CUST_0113,11-12-2025,4273,Electronics
TX_100791,CUST_0113,10-10-2025,3553,Sports & Outdoors
TX_100792,CUST_0113,20-08-2025,3683,Sports & Outdoors
TX_100793,CUST_0113,14-06-2025,2792,Home & Kitchen
TX_100794,CUST_0114,09-05-2026,7987,Electronics
TX_100795,CUST_0115,14-05-2026,8409,Electronics
TX_100796,CUST_0115,08-04-2026,10652,Home & Kitchen
TX_100797,CUST_0116,31-05-2026,3578,Apparel
TX_100798,CUST_0116,13-05-2026,3672,Sports & Outdoors
TX_100799,CUST_0116,10-03-2026,4794,Sports & Outdoors
TX_100800,CUST_0116,20-12-2025,2753,Home & Kitchen
TX_100801,CUST_0116,02-12-2025,2723,Sports & Outdoors
TX_100802,CUST_0116,16-10-2025,3269,Sports & Outdoors
TX_100803,CUST_0116,07-08-2025,3481,Beauty & Health
TX_100804,CUST_0116,11-07-2025,3487,Sports & Outdoors
TX_100805,CUST_0116,16-06-2025,2982,Apparel
TX_100806,CUST_0116,02-05-2025,3695,Apparel
TX_100807,CUST_0116,11-03-2025,3322,Sports & Outdoors
TX_100808,CUST_0117,12-01-2026,2695,Beauty & Health
TX_100809,CUST_0117,16-10-2025,2719,Beauty & Health
TX_100810,CUST_0118,25-05-2026,14754,Sports & Outdoors
TX_100811,CUST_0118,08-03-2026,12446,Electronics
TX_100812,CUST_0118,24-02-2026,13027,Electronics
TX_100813,CUST_0118,19-01-2026,11141,Apparel
TX_100814,CUST_0118,28-10-2025,9416,Home & Kitchen
TX_100815,CUST_0118,06-09-2025,10604,Electronics
TX_100816,CUST_0118,13-07-2025,11551,Apparel
TX_100817,CUST_0118,25-06-2025,14549,Electronics
TX_100818,CUST_0118,27-05-2025,10201,Beauty & Health
TX_100819,CUST_0118,12-04-2025,13674,Home & Kitchen
TX_100820,CUST_0118,30-03-2025,12699,Electronics
TX_100821,CUST_0118,05-02-2025,11513,Sports & Outdoors
TX_100822,CUST_0119,30-05-2026,12060,Home & Kitchen
TX_100823,CUST_0119,13-03-2026,12232,Home & Kitchen
TX_100824,CUST_0119,22-01-2026,12306,Home & Kitchen
TX_100825,CUST_0119,17-11-2025,12587,Beauty & Health
TX_100826,CUST_0119,23-10-2025,11562,Beauty & Health
TX_100827,CUST_0119,09-09-2025,9272,Sports & Outdoors
TX_100828,CUST_0119,11-08-2025,13433,Beauty & Health
TX_100829,CUST_0119,12-07-2025,12580,Apparel
TX_100830,CUST_0119,28-05-2025,14219,Sports & Outdoors
TX_100831,CUST_0119,04-05-2025,14099,Electronics
TX_100832,CUST_0119,23-04-2025,11800,Beauty & Health
TX_100833,CUST_0119,24-01-2025,10076,Apparel
TX_100834,CUST_0120,06-12-2025,1959,Home & Kitchen
TX_100835,CUST_0121,27-05-2026,5797,Sports & Outdoors
TX_100836,CUST_0121,09-05-2026,8262,Apparel
TX_100837,CUST_0122,28-05-2026,15802,Electronics
TX_100838,CUST_0122,28-03-2026,14601,Beauty & Health
TX_100839,CUST_0122,10-03-2026,12175,Sports & Outdoors
TX_100840,CUST_0122,14-12-2025,11771,Home & Kitchen
TX_100841,CUST_0122,21-11-2025,8658,Home & Kitchen
TX_100842,CUST_0122,27-08-2025,12781,Apparel
TX_100843,CUST_0122,30-06-2025,11428,Home & Kitchen
TX_100844,CUST_0122,10-05-2025,13223,Beauty & Health
TX_100845,CUST_0122,26-02-2025,12458,Beauty & Health
TX_100846,CUST_0122,09-02-2025,9214,Home & Kitchen
TX_100847,CUST_0122,19-01-2025,13379,Apparel
TX_100848,CUST_0123,28-05-2026,13558,Sports & Outdoors
TX_100849,CUST_0123,22-03-2026,12271,Electronics
TX_100850,CUST_0123,22-01-2026,12792,Electronics
TX_100851,CUST_0123,28-11-2025,19197,Electronics
TX_100852,CUST_0123,21-10-2025,7429,Home & Kitchen
TX_100853,CUST_0123,18-09-2025,11869,Sports & Outdoors
TX_100854,CUST_0123,16-07-2025,9323,Electronics
TX_100855,CUST_0123,20-04-2025,13370,Sports & Outdoors
TX_100856,CUST_0123,10-04-2025,11320,Home & Kitchen
TX_100857,CUST_0123,17-01-2025,12121,Beauty & Health
TX_100858,CUST_0124,10-05-2026,3751,Home & Kitchen
TX_100859,CUST_0124,17-02-2026,4628,Home & Kitchen
TX_100860,CUST_0124,05-01-2026,3476,Electronics
TX_100861,CUST_0124,19-12-2025,4167,Apparel
TX_100862,CUST_0124,20-09-2025,3719,Home & Kitchen
TX_100863,CUST_0124,12-07-2025,2406,Apparel
TX_100864,CUST_0125,27-05-2026,8912,Beauty & Health
TX_100865,CUST_0125,26-03-2026,8698,Sports & Outdoors
TX_100866,CUST_0126,29-05-2026,7923,Beauty & Health
TX_100867,CUST_0126,31-03-2026,7590,Sports & Outdoors
TX_100868,CUST_0127,19-05-2026,5974,Apparel
TX_100869,CUST_0128,08-05-2026,3738,Beauty & Health
TX_100870,CUST_0128,10-02-2026,4301,Beauty & Health
TX_100871,CUST_0128,15-01-2026,4293,Home & Kitchen
TX_100872,CUST_0128,18-11-2025,1981,Home & Kitchen
TX_100873,CUST_0128,28-08-2025,4116,Home & Kitchen
TX_100874,CUST_0128,26-07-2025,4022,Electronics
TX_100875,CUST_0128,02-07-2025,3340,Sports & Outdoors
TX_100876,CUST_0128,30-05-2025,3084,Electronics
TX_100877,CUST_0128,18-04-2025,2416,Beauty & Health
TX_100878,CUST_0128,02-03-2025,3829,Electronics
TX_100879,CUST_0129,21-05-2026,10723,Beauty & Health
TX_100880,CUST_0129,07-03-2026,9203,Home & Kitchen
TX_100881,CUST_0129,25-12-2025,11180,Electronics
TX_100882,CUST_0129,15-10-2025,8982,Home & Kitchen
TX_100883,CUST_0129,11-08-2025,9336,Home & Kitchen
TX_100884,CUST_0129,11-06-2025,12615,Electronics
TX_100885,CUST_0129,24-05-2025,10868,Electronics
TX_100886,CUST_0129,06-03-2025,12699,Electronics
TX_100887,CUST_0129,27-01-2025,14351,Apparel
TX_100888,CUST_0129,17-01-2025,10468,Sports & Outdoors
TX_100889,CUST_0130,06-05-2026,3899,Sports & Outdoors
TX_100890,CUST_0130,30-03-2026,2887,Electronics
TX_100891,CUST_0130,13-01-2026,2078,Sports & Outdoors
TX_100892,CUST_0130,06-11-2025,2192,Sports & Outdoors
TX_100893,CUST_0130,20-08-2025,1538,Beauty & Health
TX_100894,CUST_0130,22-07-2025,2139,Beauty & Health
TX_100895,CUST_0130,29-04-2025,3620,Apparel
TX_100896,CUST_0130,21-03-2025,4391,Home & Kitchen
TX_100897,CUST_0130,02-03-2025,2674,Beauty & Health
TX_100898,CUST_0131,30-05-2026,7124,Sports & Outdoors
TX_100899,CUST_0131,06-03-2026,13628,Beauty & Health
TX_100900,CUST_0131,19-01-2026,12421,Home & Kitchen
TX_100901,CUST_0131,17-11-2025,10972,Sports & Outdoors
TX_100902,CUST_0131,08-09-2025,12048,Apparel
TX_100903,CUST_0131,13-08-2025,11048,Apparel
TX_100904,CUST_0131,08-07-2025,11893,Electronics
TX_100905,CUST_0131,10-06-2025,9593,Apparel
TX_100906,CUST_0131,27-04-2025,11663,Beauty & Health
TX_100907,CUST_0131,10-02-2025,13902,Electronics
TX_100908,CUST_0132,30-05-2026,11747,Apparel
TX_100909,CUST_0132,29-03-2026,11820,Home & Kitchen
TX_100910,CUST_0132,22-02-2026,7844,Electronics
TX_100911,CUST_0132,26-12-2025,11153,Beauty & Health
TX_100912,CUST_0132,18-11-2025,11828,Home & Kitchen
TX_100913,CUST_0132,30-10-2025,10636,Apparel
TX_100914,CUST_0132,21-08-2025,14744,Sports & Outdoors
TX_100915,CUST_0132,29-05-2025,15298,Sports & Outdoors
TX_100916,CUST_0132,18-03-2025,14397,Apparel
TX_100917,CUST_0132,02-03-2025,13927,Home & Kitchen
TX_100918,CUST_0133,27-05-2026,10210,Electronics
TX_100919,CUST_0133,28-03-2026,9854,Sports & Outdoors
TX_100920,CUST_0133,16-01-2026,11320,Beauty & Health
TX_100921,CUST_0133,25-12-2025,13469,Electronics
TX_100922,CUST_0133,19-10-2025,14023,Electronics
TX_100923,CUST_0133,07-08-2025,9175,Sports & Outdoors
TX_100924,CUST_0133,28-06-2025,12708,Electronics
TX_100925,CUST_0133,08-06-2025,12622,Electronics
TX_100926,CUST_0133,19-03-2025,12561,Home & Kitchen
TX_100927,CUST_0133,08-03-2025,10789,Home & Kitchen
TX_100928,CUST_0133,05-01-2025,10697,Electronics
TX_100929,CUST_0134,31-05-2026,6171,Beauty & Health
TX_100930,CUST_0134,18-03-2026,7925,Electronics
TX_100931,CUST_0134,13-01-2026,7835,Sports & Outdoors
TX_100932,CUST_0134,29-11-2025,9875,Home & Kitchen
TX_100933,CUST_0135,21-05-2026,7884,Electronics
TX_100934,CUST_0135,25-04-2026,7427,Apparel
TX_100935,CUST_0136,22-10-2025,2567,Home & Kitchen
TX_100936,CUST_0136,04-09-2025,1619,Beauty & Health
TX_100937,CUST_0137,03-05-2026,3274,Electronics
TX_100938,CUST_0137,04-04-2026,2624,Apparel
TX_100939,CUST_0137,05-03-2026,3552,Electronics
TX_100940,CUST_0137,24-01-2026,3238,Apparel
TX_100941,CUST_0137,31-12-2025,3628,Home & Kitchen
TX_100942,CUST_0137,16-12-2025,3449,Sports & Outdoors
TX_100943,CUST_0137,27-10-2025,4642,Beauty & Health
TX_100944,CUST_0137,05-08-2025,3250,Beauty & Health
TX_100945,CUST_0137,10-07-2025,3601,Beauty & Health
TX_100946,CUST_0137,05-05-2025,3706,Home & Kitchen
TX_100947,CUST_0137,23-03-2025,3965,Apparel
TX_100948,CUST_0138,20-05-2026,7109,Sports & Outdoors
TX_100949,CUST_0138,04-04-2026,9098,Beauty & Health
TX_100950,CUST_0138,09-02-2026,9004,Sports & Outdoors
TX_100951,CUST_0138,17-12-2025,8294,Home & Kitchen
TX_100952,CUST_0139,20-05-2026,3651,Electronics
TX_100953,CUST_0139,23-03-2026,3972,Home & Kitchen
TX_100954,CUST_0139,04-02-2026,3391,Home & Kitchen
TX_100955,CUST_0139,16-11-2025,3276,Apparel
TX_100956,CUST_0139,05-09-2025,3175,Sports & Outdoors
TX_100957,CUST_0139,21-08-2025,4304,Sports & Outdoors
TX_100958,CUST_0139,04-07-2025,3381,Beauty & Health
TX_100959,CUST_0139,11-04-2025,2848,Electronics
TX_100960,CUST_0139,22-02-2025,4066,Electronics
TX_100961,CUST_0140,26-05-2026,9403,Home & Kitchen
TX_100962,CUST_0140,22-04-2026,8697,Apparel
TX_100963,CUST_0140,22-01-2026,11154,Home & Kitchen
TX_100964,CUST_0140,20-12-2025,10050,Apparel
TX_100965,CUST_0140,28-11-2025,14294,Sports & Outdoors
TX_100966,CUST_0140,03-09-2025,16130,Electronics
TX_100967,CUST_0140,03-08-2025,8622,Electronics
TX_100968,CUST_0140,16-05-2025,11897,Home & Kitchen
TX_100969,CUST_0140,26-03-2025,9780,Sports & Outdoors
TX_100970,CUST_0140,04-02-2025,14654,Apparel
TX_100971,CUST_0141,25-05-2026,9756,Electronics
TX_100972,CUST_0141,07-05-2026,9360,Apparel
TX_100973,CUST_0141,20-03-2026,6749,Electronics
TX_100974,CUST_0142,18-05-2026,10884,Beauty & Health
TX_100975,CUST_0142,02-03-2026,12666,Home & Kitchen
TX_100976,CUST_0142,24-01-2026,14867,Sports & Outdoors
TX_100977,CUST_0142,21-12-2025,10946,Home & Kitchen
TX_100978,CUST_0142,05-11-2025,13586,Electronics
TX_100979,CUST_0142,05-10-2025,9168,Beauty & Health
TX_100980,CUST_0142,19-07-2025,10142,Home & Kitchen
TX_100981,CUST_0142,09-07-2025,16038,Apparel
TX_100982,CUST_0142,17-06-2025,12260,Beauty & Health
TX_100983,CUST_0142,11-05-2025,14231,Home & Kitchen
TX_100984,CUST_0142,26-02-2025,11967,Beauty & Health
TX_100985,CUST_0143,21-04-2026,2612,Electronics
TX_100986,CUST_0143,07-03-2026,2819,Apparel
TX_100987,CUST_0143,13-12-2025,4403,Electronics
TX_100988,CUST_0143,19-09-2025,4549,Home & Kitchen
TX_100989,CUST_0143,06-08-2025,2239,Electronics
TX_100990,CUST_0143,06-06-2025,4553,Sports & Outdoors
TX_100991,CUST_0143,12-04-2025,5271,Apparel
TX_100992,CUST_0143,01-02-2025,2935,Sports & Outdoors
TX_100993,CUST_0144,14-05-2026,3078,Electronics
TX_100994,CUST_0144,12-04-2026,3685,Sports & Outdoors
TX_100995,CUST_0144,21-01-2026,4094,Beauty & Health
TX_100996,CUST_0144,04-12-2025,3601,Electronics
TX_100997,CUST_0144,03-11-2025,3205,Beauty & Health
TX_100998,CUST_0144,23-08-2025,3747,Home & Kitchen
TX_100999,CUST_0144,19-06-2025,3246,Electronics
TX_101000,CUST_0144,23-05-2025,2694,Sports & Outdoors
TX_101001,CUST_0145,30-05-2026,11018,Sports & Outdoors
TX_101002,CUST_0145,10-05-2026,12087,Electronics
TX_101003,CUST_0145,22-04-2026,13631,Home & Kitchen
TX_101004,CUST_0145,04-03-2026,11311,Sports & Outdoors
TX_101005,CUST_0145,08-02-2026,9302,Apparel
TX_101006,CUST_0145,17-12-2025,10868,Home & Kitchen
TX_101007,CUST_0145,16-11-2025,10367,Beauty & Health
TX_101008,CUST_0145,04-11-2025,9193,Electronics
TX_101009,CUST_0145,18-08-2025,14516,Home & Kitchen
TX_101010,CUST_0145,28-06-2025,10853,Sports & Outdoors
TX_101011,CUST_0145,14-06-2025,11565,Electronics
TX_101012,CUST_0146,15-05-2026,9380,Sports & Outdoors
TX_101013,CUST_0147,23-05-2026,2744,Beauty & Health
TX_101014,CUST_0147,15-03-2026,2930,Home & Kitchen
TX_101015,CUST_0147,30-01-2026,4300,Electronics
TX_101016,CUST_0147,13-11-2025,4693,Home & Kitchen
TX_101017,CUST_0147,17-08-2025,4755,Home & Kitchen
TX_101018,CUST_0147,13-06-2025,3835,Apparel
TX_101019,CUST_0147,23-03-2025,2843,Apparel
TX_101020,CUST_0148,31-05-2026,10321,Electronics
TX_101021,CUST_0148,12-03-2026,7317,Electronics
TX_101022,CUST_0149,03-12-2025,2335,Sports & Outdoors
TX_101023,CUST_0150,21-05-2026,3808,Sports & Outdoors
TX_101024,CUST_0150,06-04-2026,3170,Home & Kitchen
TX_101025,CUST_0150,30-01-2026,2838,Home & Kitchen
TX_101026,CUST_0150,29-11-2025,4416,Electronics
TX_101027,CUST_0150,18-10-2025,4739,Apparel
TX_101028,CUST_0150,25-07-2025,2949,Home & Kitchen
TX_101029,CUST_0150,08-07-2025,3562,Beauty & Health
TX_101030,CUST_0150,27-04-2025,1803,Beauty & Health
TX_101031,CUST_0150,08-02-2025,4001,Apparel
TX_101032,CUST_0151,12-09-2025,2922,Sports & Outdoors
TX_101033,CUST_0152,29-05-2026,15153,Apparel
TX_101034,CUST_0152,19-05-2026,15788,Home & Kitchen
TX_101035,CUST_0152,19-03-2026,10684,Apparel
TX_101036,CUST_0152,12-02-2026,9372,Home & Kitchen
TX_101037,CUST_0152,14-11-2025,13282,Beauty & Health
TX_101038,CUST_0152,26-09-2025,11250,Beauty & Health
TX_101039,CUST_0152,07-08-2025,16663,Beauty & Health
TX_101040,CUST_0152,16-05-2025,8534,Apparel
TX_101041,CUST_0152,26-04-2025,12404,Home & Kitchen
TX_101042,CUST_0152,02-04-2025,9384,Electronics
TX_101043,CUST_0152,03-03-2025,13327,Beauty & Health
TX_101044,CUST_0152,21-01-2025,14219,Apparel
TX_101045,CUST_0153,19-05-2026,6760,Apparel
TX_101046,CUST_0153,02-04-2026,6937,Beauty & Health
TX_101047,CUST_0153,18-02-2026,5992,Home & Kitchen
TX_101048,CUST_0154,07-11-2025,1477,Sports & Outdoors
TX_101049,CUST_0155,04-05-2026,3926,Beauty & Health
TX_101050,CUST_0155,22-03-2026,2380,Beauty & Health
TX_101051,CUST_0155,05-01-2026,3487,Sports & Outdoors
TX_101052,CUST_0155,16-11-2025,3459,Apparel
TX_101053,CUST_0155,12-09-2025,4116,Apparel
TX_101054,CUST_0155,12-08-2025,5433,Sports & Outdoors
TX_101055,CUST_0155,23-06-2025,4794,Sports & Outdoors
TX_101056,CUST_0155,12-04-2025,3946,Electronics
TX_101057,CUST_0156,26-04-2026,4416,Sports & Outdoors
TX_101058,CUST_0156,17-02-2026,4077,Electronics
TX_101059,CUST_0156,19-11-2025,4238,Sports & Outdoors
TX_101060,CUST_0156,06-10-2025,3229,Apparel
TX_101061,CUST_0156,12-07-2025,1943,Beauty & Health
TX_101062,CUST_0156,02-07-2025,2307,Apparel
TX_101063,CUST_0156,11-05-2025,2477,Beauty & Health
TX_101064,CUST_0156,26-04-2025,4897,Home & Kitchen
TX_101065,CUST_0156,27-01-2025,4852,Sports & Outdoors
TX_101066,CUST_0157,28-05-2026,12551,Beauty & Health
TX_101067,CUST_0157,13-05-2026,9683,Beauty & Health
TX_101068,CUST_0157,27-02-2026,12903,Apparel
TX_101069,CUST_0157,05-01-2026,12112,Electronics
TX_101070,CUST_0157,28-10-2025,14115,Sports & Outdoors
TX_101071,CUST_0157,20-09-2025,9659,Electronics
TX_101072,CUST_0157,22-08-2025,11566,Home & Kitchen
TX_101073,CUST_0157,10-06-2025,10803,Sports & Outdoors
TX_101074,CUST_0157,25-03-2025,11404,Beauty & Health
TX_101075,CUST_0158,30-05-2026,11770,Sports & Outdoors
TX_101076,CUST_0158,04-03-2026,13111,Sports & Outdoors
TX_101077,CUST_0158,20-01-2026,10535,Beauty & Health
TX_101078,CUST_0158,28-12-2025,13145,Apparel
TX_101079,CUST_0158,24-10-2025,13557,Apparel
TX_101080,CUST_0158,07-08-2025,12910,Sports & Outdoors
TX_101081,CUST_0158,26-07-2025,10483,Beauty & Health
TX_101082,CUST_0158,16-07-2025,9911,Electronics
TX_101083,CUST_0158,17-05-2025,10648,Beauty & Health
TX_101084,CUST_0158,23-04-2025,15011,Beauty & Health
TX_101085,CUST_0158,12-04-2025,12366,Sports & Outdoors
TX_101086,CUST_0158,12-03-2025,13858,Home & Kitchen
TX_101087,CUST_0159,27-05-2026,9735,Beauty & Health
TX_101088,CUST_0159,16-03-2026,8516,Home & Kitchen
TX_101089,CUST_0159,05-02-2026,11685,Apparel
TX_101090,CUST_0159,19-01-2026,11099,Home & Kitchen
TX_101091,CUST_0159,03-11-2025,11568,Sports & Outdoors
TX_101092,CUST_0159,22-10-2025,14123,Sports & Outdoors
TX_101093,CUST_0159,19-08-2025,16258,Beauty & Health
TX_101094,CUST_0159,28-05-2025,10209,Beauty & Health
TX_101095,CUST_0159,08-04-2025,14237,Beauty & Health
TX_101096,CUST_0159,18-01-2025,12582,Electronics
TX_101097,CUST_0160,09-05-2026,8046,Home & Kitchen
TX_101098,CUST_0160,09-04-2026,7533,Electronics
TX_101099,CUST_0161,07-05-2026,8022,Electronics
TX_101100,CUST_0161,14-04-2026,6753,Beauty & Health
TX_101101,CUST_0161,23-01-2026,9343,Electronics
TX_101102,CUST_0161,08-01-2026,6601,Apparel
TX_101103,CUST_0162,28-05-2026,14616,Apparel
TX_101104,CUST_0162,25-03-2026,13575,Sports & Outdoors
TX_101105,CUST_0162,22-01-2026,14792,Sports & Outdoors
TX_101106,CUST_0162,21-11-2025,11025,Home & Kitchen
TX_101107,CUST_0162,14-09-2025,15524,Apparel
TX_101108,CUST_0162,30-06-2025,13240,Apparel
TX_101109,CUST_0162,05-05-2025,15540,Sports & Outdoors
TX_101110,CUST_0162,22-04-2025,13724,Beauty & Health
TX_101111,CUST_0162,15-02-2025,8916,Beauty & Health
TX_101112,CUST_0162,18-01-2025,14971,Apparel
TX_101113,CUST_0162,07-01-2025,12152,Apparel
TX_101114,CUST_0163,30-05-2026,14130,Sports & Outdoors
TX_101115,CUST_0163,05-04-2026,13542,Home & Kitchen
TX_101116,CUST_0163,11-03-2026,8564,Sports & Outdoors
TX_101117,CUST_0163,23-02-2026,14071,Sports & Outdoors
TX_101118,CUST_0163,29-01-2026,12910,Sports & Outdoors
TX_101119,CUST_0163,23-11-2025,13595,Home & Kitchen
TX_101120,CUST_0163,06-10-2025,11816,Beauty & Health
TX_101121,CUST_0163,15-07-2025,11852,Home & Kitchen
TX_101122,CUST_0163,05-07-2025,13015,Sports & Outdoors
TX_101123,CUST_0164,24-05-2026,4534,Electronics
TX_101124,CUST_0164,13-03-2026,3735,Electronics
TX_101125,CUST_0164,04-01-2026,3248,Sports & Outdoors
TX_101126,CUST_0164,09-12-2025,2742,Home & Kitchen
TX_101127,CUST_0164,25-09-2025,2974,Apparel
TX_101128,CUST_0164,10-07-2025,2303,Electronics
TX_101129,CUST_0164,15-06-2025,4362,Home & Kitchen
TX_101130,CUST_0164,09-05-2025,3482,Home & Kitchen
TX_101131,CUST_0164,02-03-2025,3462,Beauty & Health
TX_101132,CUST_0165,02-03-2026,2239,Apparel
TX_101133,CUST_0165,09-02-2026,2519,Electronics
TX_101134,CUST_0165,12-11-2025,2571,Apparel
TX_101135,CUST_0166,16-05-2026,8222,Beauty & Health
TX_101136,CUST_0167,20-05-2026,2668,Home & Kitchen
TX_101137,CUST_0167,09-03-2026,3321,Electronics
TX_101138,CUST_0167,25-02-2026,3580,Apparel
TX_101139,CUST_0167,03-01-2026,3131,Home & Kitchen
TX_101140,CUST_0167,30-10-2025,1975,Home & Kitchen
TX_101141,CUST_0167,27-09-2025,3277,Beauty & Health
TX_101142,CUST_0168,30-11-2025,2112,Electronics
TX_101143,CUST_0169,12-05-2026,3439,Beauty & Health
TX_101144,CUST_0169,01-04-2026,3142,Sports & Outdoors
TX_101145,CUST_0169,13-01-2026,3623,Beauty & Health
TX_101146,CUST_0169,10-11-2025,5106,Sports & Outdoors
TX_101147,CUST_0169,21-08-2025,2698,Home & Kitchen
TX_101148,CUST_0169,15-06-2025,3892,Home & Kitchen
TX_101149,CUST_0169,31-05-2025,3097,Sports & Outdoors
TX_101150,CUST_0169,21-05-2025,3752,Beauty & Health
TX_101151,CUST_0169,13-03-2025,4279,Electronics
TX_101152,CUST_0170,23-05-2026,4610,Home & Kitchen
TX_101153,CUST_0170,18-03-2026,4397,Apparel
TX_101154,CUST_0170,07-03-2026,2779,Home & Kitchen
TX_101155,CUST_0170,28-01-2026,2246,Sports & Outdoors
TX_101156,CUST_0170,16-01-2026,3003,Beauty & Health
TX_101157,CUST_0171,27-05-2026,9017,Electronics
TX_101158,CUST_0171,12-03-2026,13793,Beauty & Health
TX_101159,CUST_0171,26-01-2026,9575,Beauty & Health
TX_101160,CUST_0171,23-12-2025,11968,Electronics
TX_101161,CUST_0171,11-12-2025,13698,Home & Kitchen
TX_101162,CUST_0171,24-09-2025,15070,Home & Kitchen
TX_101163,CUST_0171,28-06-2025,8648,Electronics
TX_101164,CUST_0171,17-05-2025,13781,Home & Kitchen
TX_101165,CUST_0171,25-02-2025,10264,Electronics
TX_101166,CUST_0172,31-05-2026,12668,Electronics
TX_101167,CUST_0172,26-03-2026,13382,Home & Kitchen
TX_101168,CUST_0172,04-03-2026,14006,Sports & Outdoors
TX_101169,CUST_0172,04-12-2025,13127,Sports & Outdoors
TX_101170,CUST_0172,28-09-2025,14623,Beauty & Health
TX_101171,CUST_0172,06-07-2025,10055,Sports & Outdoors
TX_101172,CUST_0172,11-06-2025,12619,Electronics
TX_101173,CUST_0172,22-05-2025,11765,Apparel
TX_101174,CUST_0172,05-05-2025,13797,Apparel
TX_101175,CUST_0172,21-04-2025,12047,Beauty & Health
TX_101176,CUST_0172,22-02-2025,13387,Apparel
TX_101177,CUST_0172,03-01-2025,8925,Sports & Outdoors
TX_101178,CUST_0173,21-11-2025,2621,Electronics
TX_101179,CUST_0173,12-10-2025,1916,Apparel
TX_101180,CUST_0173,30-07-2025,2150,Electronics
TX_101181,CUST_0174,16-05-2026,2741,Home & Kitchen
TX_101182,CUST_0174,01-05-2026,4175,Beauty & Health
TX_101183,CUST_0174,17-02-2026,3296,Electronics
TX_101184,CUST_0174,10-01-2026,3587,Beauty & Health
TX_101185,CUST_0174,31-12-2025,2487,Home & Kitchen
TX_101186,CUST_0174,23-11-2025,2997,Home & Kitchen
TX_101187,CUST_0174,15-10-2025,3954,Sports & Outdoors
TX_101188,CUST_0174,07-08-2025,3066,Apparel
TX_101189,CUST_0174,10-05-2025,2718,Electronics
TX_101190,CUST_0175,16-05-2026,4091,Electronics
TX_101191,CUST_0175,19-02-2026,3746,Apparel
TX_101192,CUST_0175,17-12-2025,4169,Electronics
TX_101193,CUST_0175,06-11-2025,5369,Sports & Outdoors
TX_101194,CUST_0175,22-10-2025,2284,Sports & Outdoors
TX_101195,CUST_0175,26-07-2025,3141,Apparel
TX_101196,CUST_0175,02-05-2025,3109,Beauty & Health
TX_101197,CUST_0175,29-03-2025,4085,Home & Kitchen
TX_101198,CUST_0175,10-01-2025,3807,Sports & Outdoors
TX_101199,CUST_0176,17-05-2026,8062,Electronics
TX_101200,CUST_0176,27-04-2026,7764,Beauty & Health
TX_101201,CUST_0176,11-03-2026,7778,Home & Kitchen
TX_101202,CUST_0176,04-01-2026,9147,Beauty & Health
TX_101203,CUST_0177,31-05-2026,8621,Apparel
TX_101204,CUST_0177,16-04-2026,11818,Sports & Outdoors
TX_101205,CUST_0177,13-03-2026,15185,Beauty & Health
TX_101206,CUST_0177,16-12-2025,11401,Apparel
TX_101207,CUST_0177,19-11-2025,7792,Beauty & Health
TX_101208,CUST_0177,01-09-2025,10188,Sports & Outdoors
TX_101209,CUST_0177,20-07-2025,13846,Electronics
TX_101210,CUST_0177,09-07-2025,11997,Home & Kitchen
TX_101211,CUST_0177,22-05-2025,11053,Beauty & Health
TX_101212,CUST_0177,06-04-2025,14913,Home & Kitchen
TX_101213,CUST_0177,11-02-2025,11389,Electronics
TX_101214,CUST_0178,01-12-2025,1220,Beauty & Health
TX_101215,CUST_0179,23-05-2026,5634,Apparel
TX_101216,CUST_0179,07-03-2026,6359,Electronics
TX_101217,CUST_0179,17-02-2026,5037,Apparel
TX_101218,CUST_0179,11-12-2025,6801,Beauty & Health
TX_101219,CUST_0180,14-11-2025,2602,Sports & Outdoors
TX_101220,CUST_0181,23-05-2026,12712,Apparel
TX_101221,CUST_0181,21-04-2026,9913,Home & Kitchen
TX_101222,CUST_0181,22-01-2026,12612,Apparel
TX_101223,CUST_0181,18-11-2025,14382,Sports & Outdoors
TX_101224,CUST_0181,11-09-2025,9941,Electronics
TX_101225,CUST_0181,14-07-2025,12068,Beauty & Health
TX_101226,CUST_0181,11-06-2025,11774,Sports & Outdoors
TX_101227,CUST_0181,21-03-2025,13468,Beauty & Health
TX_101228,CUST_0181,27-02-2025,10394,Apparel
TX_101229,CUST_0182,13-05-2026,2115,Electronics
TX_101230,CUST_0182,13-04-2026,3787,Home & Kitchen
TX_101231,CUST_0182,13-03-2026,1952,Sports & Outdoors
TX_101232,CUST_0182,01-03-2026,2215,Sports & Outdoors
TX_101233,CUST_0182,04-12-2025,4182,Electronics
TX_101234,CUST_0182,12-11-2025,3282,Electronics
TX_101235,CUST_0182,11-10-2025,3641,Beauty & Health
TX_101236,CUST_0182,25-08-2025,3274,Electronics
TX_101237,CUST_0182,31-07-2025,3763,Electronics
TX_101238,CUST_0182,14-05-2025,2952,Beauty & Health
TX_101239,CUST_0182,15-03-2025,3593,Home & Kitchen
TX_101240,CUST_0183,29-05-2026,8611,Electronics
TX_101241,CUST_0183,14-04-2026,9684,Sports & Outdoors
TX_101242,CUST_0184,22-04-2026,3558,Sports & Outdoors
TX_101243,CUST_0184,03-03-2026,2543,Electronics
TX_101244,CUST_0184,22-12-2025,2499,Apparel
TX_101245,CUST_0184,04-12-2025,3674,Home & Kitchen
TX_101246,CUST_0184,13-10-2025,3497,Beauty & Health
TX_101247,CUST_0184,01-10-2025,4945,Beauty & Health
TX_101248,CUST_0184,06-07-2025,3989,Home & Kitchen
TX_101249,CUST_0184,13-04-2025,2324,Electronics
TX_101250,CUST_0184,05-02-2025,4777,Home & Kitchen
TX_101251,CUST_0185,17-05-2026,5835,Apparel
TX_101252,CUST_0185,16-02-2026,6138,Apparel
TX_101253,CUST_0185,06-02-2026,7263,Beauty & Health
TX_101254,CUST_0185,19-01-2026,6256,Apparel
TX_101255,CUST_0186,12-05-2026,3654,Apparel
TX_101256,CUST_0186,13-04-2026,2878,Beauty & Health
TX_101257,CUST_0186,01-02-2026,2820,Beauty & Health
TX_101258,CUST_0186,20-01-2026,3450,Apparel
TX_101259,CUST_0186,23-11-2025,4005,Beauty & Health
TX_101260,CUST_0186,20-09-2025,4530,Beauty & Health
TX_101261,CUST_0186,31-08-2025,4998,Home & Kitchen
TX_101262,CUST_0187,02-05-2026,5884,Beauty & Health
TX_101263,CUST_0187,04-04-2026,4118,Beauty & Health
TX_101264,CUST_0187,20-02-2026,3013,Sports & Outdoors
TX_101265,CUST_0187,25-11-2025,3852,Home & Kitchen
TX_101266,CUST_0187,18-09-2025,4796,Electronics
TX_101267,CUST_0187,21-08-2025,2245,Home & Kitchen
TX_101268,CUST_0187,10-07-2025,4089,Apparel
TX_101269,CUST_0187,30-05-2025,4480,Home & Kitchen
TX_101270,CUST_0187,04-03-2025,3487,Beauty & Health
TX_101271,CUST_0188,28-05-2026,2565,Electronics
TX_101272,CUST_0188,21-04-2026,4106,Home & Kitchen
TX_101273,CUST_0188,19-03-2026,2792,Electronics
TX_101274,CUST_0188,12-02-2026,1595,Beauty & Health
TX_101275,CUST_0188,26-01-2026,3444,Beauty & Health
TX_101276,CUST_0188,24-12-2025,2794,Home & Kitchen
TX_101277,CUST_0188,20-11-2025,3323,Home & Kitchen
TX_101278,CUST_0188,08-10-2025,2681,Apparel
TX_101279,CUST_0188,07-08-2025,4358,Apparel
TX_101280,CUST_0189,18-05-2026,2056,Beauty & Health
TX_101281,CUST_0189,20-02-2026,3148,Apparel
TX_101282,CUST_0189,10-12-2025,4879,Electronics
TX_101283,CUST_0189,10-10-2025,2666,Sports & Outdoors
TX_101284,CUST_0189,14-07-2025,4754,Beauty & Health
TX_101285,CUST_0189,24-06-2025,4706,Sports & Outdoors
TX_101286,CUST_0189,01-05-2025,3048,Electronics
TX_101287,CUST_0190,24-05-2026,13363,Electronics
TX_101288,CUST_0190,16-04-2026,11192,Home & Kitchen
TX_101289,CUST_0190,23-01-2026,12949,Home & Kitchen
TX_101290,CUST_0190,29-10-2025,10138,Beauty & Health
TX_101291,CUST_0190,11-10-2025,8763,Beauty & Health
TX_101292,CUST_0190,19-08-2025,14419,Home & Kitchen
TX_101293,CUST_0190,22-06-2025,8186,Sports & Outdoors
TX_101294,CUST_0190,25-04-2025,10423,Sports & Outdoors
TX_101295,CUST_0190,03-02-2025,13767,Home & Kitchen
TX_101296,CUST_0191,12-12-2025,948,Apparel
TX_101297,CUST_0191,30-09-2025,2181,Apparel
TX_101298,CUST_0192,01-12-2025,2381,Electronics
TX_101299,CUST_0192,28-10-2025,2353,Home & Kitchen
TX_101300,CUST_0193,08-05-2026,3792,Electronics
TX_101301,CUST_0193,14-02-2026,2632,Home & Kitchen
TX_101302,CUST_0193,22-01-2026,3835,Electronics
TX_101303,CUST_0193,25-12-2025,3784,Beauty & Health
TX_101304,CUST_0193,28-10-2025,3293,Electronics
TX_101305,CUST_0193,25-08-2025,2053,Sports & Outdoors
TX_101306,CUST_0193,25-07-2025,2586,Sports & Outdoors
TX_101307,CUST_0193,08-07-2025,3408,Electronics
TX_101308,CUST_0193,16-06-2025,3993,Beauty & Health
TX_101309,CUST_0193,22-04-2025,3183,Home & Kitchen
TX_101310,CUST_0193,11-02-2025,3997,Electronics
TX_101311,CUST_0194,09-05-2026,3019,Sports & Outdoors
TX_101312,CUST_0194,12-02-2026,2148,Electronics
TX_101313,CUST_0194,10-01-2026,4833,Home & Kitchen
TX_101314,CUST_0194,31-12-2025,2891,Apparel
TX_101315,CUST_0194,11-10-2025,3846,Sports & Outdoors
TX_101316,CUST_0194,05-08-2025,3797,Electronics
TX_101317,CUST_0194,16-06-2025,3733,Electronics
TX_101318,CUST_0194,22-05-2025,2888,Apparel
TX_101319,CUST_0194,07-05-2025,2891,Apparel
TX_101320,CUST_0194,11-04-2025,4044,Sports & Outdoors
TX_101321,CUST_0194,18-01-2025,2956,Apparel
TX_101322,CUST_0195,06-05-2026,3025,Sports & Outdoors
TX_101323,CUST_0195,10-03-2026,2314,Electronics
TX_101324,CUST_0195,18-12-2025,3242,Home & Kitchen
TX_101325,CUST_0195,04-10-2025,3947,Apparel
TX_101326,CUST_0195,09-07-2025,3155,Apparel
TX_101327,CUST_0195,09-06-2025,3313,Electronics
TX_101328,CUST_0195,07-04-2025,1861,Home & Kitchen
TX_101329,CUST_0195,09-03-2025,4130,Electronics
TX_101330,CUST_0195,18-01-2025,3632,Home & Kitchen
TX_101331,CUST_0196,23-05-2026,8237,Home & Kitchen
TX_101332,CUST_0196,26-03-2026,8711,Sports & Outdoors
TX_101333,CUST_0197,03-05-2026,4249,Beauty & Health
TX_101334,CUST_0197,12-04-2026,3490,Sports & Outdoors
TX_101335,CUST_0197,22-02-2026,3956,Sports & Outdoors
TX_101336,CUST_0197,22-12-2025,2324,Sports & Outdoors
TX_101337,CUST_0197,02-11-2025,3953,Sports & Outdoors
TX_101338,CUST_0197,12-10-2025,3763,Beauty & Health
TX_101339,CUST_0197,22-09-2025,4600,Apparel
TX_101340,CUST_0197,03-09-2025,2794,Apparel
TX_101341,CUST_0197,25-07-2025,3895,Beauty & Health
TX_101342,CUST_0197,04-07-2025,3492,Electronics
TX_101343,CUST_0198,19-05-2026,3135,Electronics
TX_101344,CUST_0198,05-03-2026,2756,Beauty & Health
TX_101345,CUST_0198,19-02-2026,3277,Beauty & Health
TX_101346,CUST_0198,12-12-2025,2618,Apparel
TX_101347,CUST_0198,14-09-2025,2089,Electronics
TX_101348,CUST_0198,04-07-2025,2123,Apparel
TX_101349,CUST_0198,17-06-2025,3435,Home & Kitchen
TX_101350,CUST_0198,23-04-2025,3379,Home & Kitchen
TX_101351,CUST_0198,13-04-2025,2543,Beauty & Health
TX_101352,CUST_0198,15-01-2025,2781,Beauty & Health
TX_101353,CUST_0199,28-05-2026,15004,Beauty & Health
TX_101354,CUST_0199,14-04-2026,13149,Home & Kitchen
TX_101355,CUST_0199,20-03-2026,12000,Apparel
TX_101356,CUST_0199,16-01-2026,11401,Electronics
TX_101357,CUST_0199,05-11-2025,11682,Beauty & Health
TX_101358,CUST_0199,17-08-2025,9492,Sports & Outdoors
TX_101359,CUST_0199,05-06-2025,9560,Apparel
TX_101360,CUST_0199,10-05-2025,11151,Home & Kitchen
TX_101361,CUST_0199,20-03-2025,13372,Electronics
TX_101362,CUST_0199,18-01-2025,13386,Apparel
TX_101363,CUST_0200,28-05-2026,12964,Electronics
TX_101364,CUST_0200,19-04-2026,12811,Home & Kitchen
TX_101365,CUST_0200,12-03-2026,10952,Electronics
TX_101366,CUST_0200,18-01-2026,11682,Beauty & Health
TX_101367,CUST_0200,15-11-2025,11327,Electronics
TX_101368,CUST_0200,05-09-2025,13828,Apparel
TX_101369,CUST_0200,19-08-2025,9761,Home & Kitchen
TX_101370,CUST_0200,05-06-2025,14027,Sports & Outdoors
TX_101371,CUST_0200,02-04-2025,10740,Apparel
TX_101372,CUST_0200,17-03-2025,12316,Electronics
TX_101373,CUST_0200,28-01-2025,8849,Apparel
TX_101374,CUST_0200,04-01-2025,10099,Electronics
TX_101375,CUST_0201,22-05-2026,13714,Electronics
TX_101376,CUST_0201,29-03-2026,10425,Apparel
TX_101377,CUST_0201,01-02-2026,11963,Sports & Outdoors
TX_101378,CUST_0201,26-11-2025,13396,Beauty & Health
TX_101379,CUST_0201,28-08-2025,11533,Apparel
TX_101380,CUST_0201,03-08-2025,12318,Sports & Outdoors
TX_101381,CUST_0201,30-05-2025,11476,Sports & Outdoors
TX_101382,CUST_0201,12-05-2025,11044,Electronics
TX_101383,CUST_0201,02-03-2025,14009,Electronics
TX_101384,CUST_0202,25-05-2026,11066,Sports & Outdoors
TX_101385,CUST_0202,10-04-2026,7122,Sports & Outdoors
TX_101386,CUST_0202,09-03-2026,8714,Apparel
TX_101387,CUST_0203,21-05-2026,3451,Home & Kitchen
TX_101388,CUST_0203,18-04-2026,2769,Sports & Outdoors
TX_101389,CUST_0203,17-03-2026,2999,Beauty & Health
TX_101390,CUST_0203,11-02-2026,3634,Electronics
TX_101391,CUST_0203,21-11-2025,3727,Electronics
TX_101392,CUST_0204,26-05-2026,13768,Electronics
TX_101393,CUST_0204,16-03-2026,12170,Beauty & Health
TX_101394,CUST_0204,24-12-2025,9149,Apparel
TX_101395,CUST_0204,19-10-2025,11294,Beauty & Health
TX_101396,CUST_0204,19-09-2025,14247,Electronics
TX_101397,CUST_0204,01-08-2025,8960,Apparel
TX_101398,CUST_0204,10-06-2025,10726,Electronics
TX_101399,CUST_0204,31-03-2025,5643,Electronics
TX_101400,CUST_0204,02-03-2025,15431,Apparel
TX_101401,CUST_0204,20-01-2025,11631,Apparel
TX_101402,CUST_0204,03-01-2025,12724,Home & Kitchen
TX_101403,CUST_0205,21-05-2026,8913,Beauty & Health
TX_101404,CUST_0205,11-03-2026,9639,Electronics
TX_101405,CUST_0206,11-05-2026,3848,Apparel
TX_101406,CUST_0206,27-02-2026,3864,Electronics
TX_101407,CUST_0206,11-12-2025,3141,Apparel
TX_101408,CUST_0206,24-09-2025,2132,Apparel
TX_101409,CUST_0206,16-08-2025,3170,Sports & Outdoors
TX_101410,CUST_0206,18-06-2025,1447,Electronics
TX_101411,CUST_0206,29-05-2025,3884,Apparel
TX_101412,CUST_0206,06-03-2025,3327,Beauty & Health
TX_101413,CUST_0206,02-01-2025,2910,Sports & Outdoors
TX_101414,CUST_0207,24-05-2026,12011,Beauty & Health
TX_101415,CUST_0207,15-03-2026,16976,Sports & Outdoors
TX_101416,CUST_0207,12-01-2026,12977,Sports & Outdoors
TX_101417,CUST_0207,20-11-2025,12022,Beauty & Health
TX_101418,CUST_0207,15-09-2025,14032,Electronics
TX_101419,CUST_0207,04-09-2025,15342,Apparel
TX_101420,CUST_0207,20-07-2025,13391,Electronics
TX_101421,CUST_0207,26-06-2025,10818,Sports & Outdoors
TX_101422,CUST_0207,28-05-2025,12390,Beauty & Health
TX_101423,CUST_0207,11-05-2025,11776,Beauty & Health
TX_101424,CUST_0207,27-04-2025,13344,Home & Kitchen
TX_101425,CUST_0207,30-01-2025,12624,Electronics
TX_101426,CUST_0208,25-05-2026,11941,Electronics
TX_101427,CUST_0208,06-03-2026,11314,Beauty & Health
TX_101428,CUST_0208,30-01-2026,12001,Beauty & Health
TX_101429,CUST_0208,16-01-2026,12770,Beauty & Health
TX_101430,CUST_0208,07-12-2025,14740,Sports & Outdoors
TX_101431,CUST_0208,24-10-2025,13241,Sports & Outdoors
TX_101432,CUST_0208,04-10-2025,13942,Electronics
TX_101433,CUST_0208,14-07-2025,11151,Beauty & Health
TX_101434,CUST_0208,23-04-2025,8135,Apparel
TX_101435,CUST_0209,11-01-2026,2575,Apparel
TX_101436,CUST_0210,07-05-2026,2813,Beauty & Health
TX_101437,CUST_0210,15-04-2026,2869,Home & Kitchen
TX_101438,CUST_0210,06-02-2026,4147,Apparel
TX_101439,CUST_0210,18-12-2025,3474,Home & Kitchen
TX_101440,CUST_0210,17-11-2025,2549,Apparel
TX_101441,CUST_0210,01-10-2025,3333,Sports & Outdoors
TX_101442,CUST_0210,01-09-2025,4490,Beauty & Health
TX_101443,CUST_0210,14-08-2025,3511,Electronics
TX_101444,CUST_0210,30-06-2025,3964,Apparel
TX_101445,CUST_0210,08-04-2025,4124,Apparel
TX_101446,CUST_0210,11-02-2025,4183,Apparel
TX_101447,CUST_0211,18-05-2026,7729,Home & Kitchen
TX_101448,CUST_0211,25-04-2026,8993,Home & Kitchen
TX_101449,CUST_0211,24-02-2026,7743,Beauty & Health
TX_101450,CUST_0211,21-12-2025,6840,Sports & Outdoors
TX_101451,CUST_0211,16-11-2025,3151,Home & Kitchen
TX_101452,CUST_0212,25-04-2026,9778,Home & Kitchen
TX_101453,CUST_0212,07-02-2026,6673,Beauty & Health
TX_101454,CUST_0213,04-05-2026,4586,Sports & Outdoors
TX_101455,CUST_0213,09-02-2026,4010,Sports & Outdoors
TX_101456,CUST_0213,13-11-2025,2792,Apparel
TX_101457,CUST_0213,16-10-2025,3258,Apparel
TX_101458,CUST_0213,26-08-2025,3676,Apparel
TX_101459,CUST_0213,07-07-2025,3606,Home & Kitchen
TX_101460,CUST_0213,26-06-2025,3521,Beauty & Health
TX_101461,CUST_0213,28-05-2025,3875,Beauty & Health
TX_101462,CUST_0213,21-03-2025,2315,Beauty & Health
TX_101463,CUST_0213,21-02-2025,3635,Electronics
TX_101464,CUST_0214,09-12-2025,1030,Sports & Outdoors
TX_101465,CUST_0214,11-09-2025,2569,Sports & Outdoors
TX_101466,CUST_0214,20-08-2025,1382,Sports & Outdoors
TX_101467,CUST_0215,16-10-2025,2928,Beauty & Health
TX_101468,CUST_0216,25-05-2026,12306,Beauty & Health
TX_101469,CUST_0216,24-04-2026,14872,Beauty & Health
TX_101470,CUST_0216,31-01-2026,8816,Apparel
TX_101471,CUST_0216,27-11-2025,12039,Beauty & Health
TX_101472,CUST_0216,18-10-2025,15158,Home & Kitchen
TX_101473,CUST_0216,29-07-2025,13376,Home & Kitchen
TX_101474,CUST_0216,30-05-2025,10879,Beauty & Health
TX_101475,CUST_0216,26-04-2025,8882,Sports & Outdoors
TX_101476,CUST_0216,28-01-2025,10434,Apparel
TX_101477,CUST_0217,05-09-2025,2188,Apparel
TX_101478,CUST_0217,24-07-2025,2302,Sports & Outdoors
TX_101479,CUST_0218,15-12-2025,1844,Beauty & Health
TX_101480,CUST_0218,16-09-2025,2322,Electronics
TX_101481,CUST_0219,30-11-2025,1162,Apparel
TX_101482,CUST_0220,26-05-2026,3644,Apparel
TX_101483,CUST_0220,14-03-2026,4715,Beauty & Health
TX_101484,CUST_0220,08-01-2026,3086,Home & Kitchen
TX_101485,CUST_0220,25-10-2025,3929,Beauty & Health
TX_101486,CUST_0220,25-08-2025,2863,Electronics
TX_101487,CUST_0220,22-07-2025,2871,Sports & Outdoors
TX_101488,CUST_0220,10-06-2025,2925,Sports & Outdoors
TX_101489,CUST_0220,09-05-2025,4763,Sports & Outdoors
TX_101490,CUST_0221,08-05-2026,3795,Electronics
TX_101491,CUST_0221,15-02-2026,3794,Electronics
TX_101492,CUST_0221,26-12-2025,3786,Beauty & Health
TX_101493,CUST_0221,17-11-2025,3132,Apparel
TX_101494,CUST_0221,28-08-2025,2278,Electronics
TX_101495,CUST_0221,10-08-2025,4662,Electronics
TX_101496,CUST_0221,12-06-2025,3337,Sports & Outdoors
TX_101497,CUST_0221,27-04-2025,3120,Home & Kitchen
TX_101498,CUST_0222,25-05-2026,13235,Electronics
TX_101499,CUST_0222,01-04-2026,10243,Electronics
TX_101500,CUST_0222,30-01-2026,16496,Apparel
TX_101501,CUST_0222,10-01-2026,10600,Home & Kitchen
TX_101502,CUST_0222,21-10-2025,14345,Electronics
TX_101503,CUST_0222,01-09-2025,8165,Electronics
TX_101504,CUST_0222,20-06-2025,9770,Home & Kitchen
TX_101505,CUST_0222,24-03-2025,10487,Beauty & Health
TX_101506,CUST_0222,08-03-2025,11048,Apparel
TX_101507,CUST_0222,07-01-2025,12325,Home & Kitchen
TX_101508,CUST_0223,29-12-2025,1809,Sports & Outdoors
TX_101509,CUST_0224,21-01-2026,2167,Home & Kitchen
TX_101510,CUST_0225,21-05-2026,8447,Electronics
TX_101511,CUST_0225,02-04-2026,8830,Beauty & Health
TX_101512,CUST_0225,09-01-2026,8761,Home & Kitchen
TX_101513,CUST_0226,31-05-2026,11961,Electronics
TX_101514,CUST_0226,28-03-2026,9829,Electronics
TX_101515,CUST_0226,22-02-2026,12152,Sports & Outdoors
TX_101516,CUST_0226,06-01-2026,13149,Beauty & Health
TX_101517,CUST_0226,03-12-2025,13779,Apparel
TX_101518,CUST_0226,03-10-2025,10582,Home & Kitchen
TX_101519,CUST_0226,01-09-2025,12991,Electronics
TX_101520,CUST_0226,07-06-2025,9197,Sports & Outdoors
TX_101521,CUST_0226,23-04-2025,11885,Apparel
TX_101522,CUST_0226,05-02-2025,8448,Apparel
TX_101523,CUST_0227,31-05-2026,14423,Apparel
TX_101524,CUST_0227,22-03-2026,15892,Electronics
TX_101525,CUST_0227,28-12-2025,9458,Beauty & Health
TX_101526,CUST_0227,18-12-2025,11950,Sports & Outdoors
TX_101527,CUST_0227,07-10-2025,10378,Home & Kitchen
TX_101528,CUST_0227,27-08-2025,11178,Home & Kitchen
TX_101529,CUST_0227,18-06-2025,15413,Electronics
TX_101530,CUST_0228,08-05-2026,5111,Beauty & Health
TX_101531,CUST_0228,04-03-2026,3189,Sports & Outdoors
TX_101532,CUST_0228,07-01-2026,3227,Sports & Outdoors
TX_101533,CUST_0228,02-12-2025,5170,Electronics
TX_101534,CUST_0228,11-11-2025,3332,Home & Kitchen
TX_101535,CUST_0228,08-10-2025,3495,Beauty & Health
TX_101536,CUST_0228,11-08-2025,4020,Home & Kitchen
TX_101537,CUST_0228,19-07-2025,4006,Home & Kitchen
TX_101538,CUST_0228,04-06-2025,3480,Home & Kitchen
TX_101539,CUST_0229,27-05-2026,13977,Beauty & Health
TX_101540,CUST_0229,07-03-2026,10133,Home & Kitchen
TX_101541,CUST_0229,06-02-2026,12402,Beauty & Health
TX_101542,CUST_0229,16-01-2026,12906,Sports & Outdoors
TX_101543,CUST_0229,03-12-2025,10530,Apparel
TX_101544,CUST_0229,05-11-2025,11253,Sports & Outdoors
TX_101545,CUST_0229,01-10-2025,14719,Apparel
TX_101546,CUST_0229,28-07-2025,8570,Beauty & Health
TX_101547,CUST_0229,05-05-2025,9072,Home & Kitchen
TX_101548,CUST_0229,15-04-2025,12041,Home & Kitchen
TX_101549,CUST_0230,22-04-2026,2170,Home & Kitchen
TX_101550,CUST_0230,06-03-2026,3790,Electronics
TX_101551,CUST_0230,18-02-2026,2249,Sports & Outdoors
TX_101552,CUST_0230,20-12-2025,3846,Apparel
TX_101553,CUST_0230,24-11-2025,3550,Beauty & Health
TX_101554,CUST_0230,24-09-2025,3726,Home & Kitchen
TX_101555,CUST_0230,14-09-2025,4614,Apparel
TX_101556,CUST_0230,07-07-2025,3662,Electronics
TX_101557,CUST_0230,22-04-2025,3112,Electronics
TX_101558,CUST_0230,13-02-2025,4321,Electronics
TX_101559,CUST_0231,30-09-2025,2143,Apparel
TX_101560,CUST_0231,27-07-2025,906,Sports & Outdoors
TX_101561,CUST_0231,29-06-2025,1505,Home & Kitchen
TX_101562,CUST_0232,24-05-2026,8167,Home & Kitchen
TX_101563,CUST_0232,29-04-2026,8728,Home & Kitchen
TX_101564,CUST_0233,02-12-2025,2306,Beauty & Health
TX_101565,CUST_0233,03-11-2025,2865,Home & Kitchen
TX_101566,CUST_0233,09-09-2025,2715,Beauty & Health
TX_101567,CUST_0234,23-05-2026,11212,Apparel
TX_101568,CUST_0234,23-02-2026,13271,Beauty & Health
TX_101569,CUST_0234,24-12-2025,13535,Home & Kitchen
TX_101570,CUST_0234,06-12-2025,14294,Apparel
TX_101571,CUST_0234,21-11-2025,9963,Beauty & Health
TX_101572,CUST_0234,08-11-2025,8529,Sports & Outdoors
TX_101573,CUST_0234,09-10-2025,10621,Beauty & Health
TX_101574,CUST_0234,31-08-2025,12792,Apparel
TX_101575,CUST_0234,09-08-2025,11520,Apparel
TX_101576,CUST_0234,17-07-2025,13729,Home & Kitchen
TX_101577,CUST_0234,05-05-2025,8001,Sports & Outdoors
TX_101578,CUST_0234,24-02-2025,11921,Sports & Outdoors
TX_101579,CUST_0235,02-12-2025,1420,Home & Kitchen
TX_101580,CUST_0235,20-09-2025,951,Beauty & Health
TX_101581,CUST_0236,29-04-2026,5919,Apparel
TX_101582,CUST_0236,17-03-2026,6190,Apparel
TX_101583,CUST_0236,04-03-2026,6193,Electronics
TX_101584,CUST_0237,13-05-2026,3835,Electronics
TX_101585,CUST_0237,20-03-2026,3576,Beauty & Health
TX_101586,CUST_0237,14-01-2026,3970,Beauty & Health
TX_101587,CUST_0237,04-11-2025,3576,Electronics
TX_101588,CUST_0237,17-09-2025,3274,Beauty & Health
TX_101589,CUST_0237,09-08-2025,4253,Electronics
TX_101590,CUST_0237,28-07-2025,3657,Sports & Outdoors
TX_101591,CUST_0237,11-07-2025,2874,Electronics
TX_101592,CUST_0237,28-06-2025,2858,Apparel
TX_101593,CUST_0237,24-05-2025,3090,Electronics
TX_101594,CUST_0238,30-05-2026,13864,Home & Kitchen
TX_101595,CUST_0238,19-04-2026,14445,Home & Kitchen
TX_101596,CUST_0238,01-02-2026,13051,Home & Kitchen
TX_101597,CUST_0238,19-12-2025,15638,Electronics
TX_101598,CUST_0238,30-10-2025,12941,Electronics
TX_101599,CUST_0238,12-08-2025,10085,Home & Kitchen
TX_101600,CUST_0238,30-05-2025,10057,Beauty & Health
TX_101601,CUST_0238,07-05-2025,9326,Beauty & Health
TX_101602,CUST_0238,21-04-2025,10096,Electronics
TX_101603,CUST_0238,26-02-2025,12568,Home & Kitchen
TX_101604,CUST_0239,11-12-2025,2743,Electronics
TX_101605,CUST_0240,09-11-2025,2741,Apparel
TX_101606,CUST_0241,23-05-2026,8624,Beauty & Health
TX_101607,CUST_0241,12-05-2026,13065,Beauty & Health
TX_101608,CUST_0241,17-04-2026,10031,Home & Kitchen
TX_101609,CUST_0241,27-02-2026,14779,Home & Kitchen
TX_101610,CUST_0241,07-12-2025,13260,Beauty & Health
TX_101611,CUST_0241,17-10-2025,8540,Apparel
TX_101612,CUST_0241,04-09-2025,15702,Apparel
TX_101613,CUST_0241,03-08-2025,16538,Sports & Outdoors
TX_101614,CUST_0241,29-05-2025,10596,Apparel
TX_101615,CUST_0241,21-03-2025,10886,Home & Kitchen
TX_101616,CUST_0241,09-03-2025,12145,Apparel
TX_101617,CUST_0241,02-01-2025,11441,Beauty & Health
TX_101618,CUST_0242,31-05-2026,13948,Sports & Outdoors
TX_101619,CUST_0242,05-04-2026,14869,Sports & Outdoors
TX_101620,CUST_0242,12-02-2026,11003,Apparel
TX_101621,CUST_0242,12-12-2025,13927,Sports & Outdoors
TX_101622,CUST_0242,16-10-2025,13741,Electronics
TX_101623,CUST_0242,07-08-2025,14525,Electronics
TX_101624,CUST_0242,21-06-2025,13078,Sports & Outdoors
TX_101625,CUST_0242,24-03-2025,11723,Sports & Outdoors
TX_101626,CUST_0242,11-03-2025,11060,Apparel
TX_101627,CUST_0242,09-02-2025,10652,Electronics
TX_101628,CUST_0243,15-05-2026,9450,Beauty & Health
TX_101629,CUST_0243,13-03-2026,9340,Sports & Outdoors
TX_101630,CUST_0243,02-02-2026,7134,Home & Kitchen
TX_101631,CUST_0243,12-11-2025,6337,Sports & Outdoors
TX_101632,CUST_0243,17-10-2025,9501,Apparel
TX_101633,CUST_0244,17-12-2025,1810,Home & Kitchen
TX_101634,CUST_0244,21-11-2025,2836,Sports & Outdoors
TX_101635,CUST_0245,31-05-2026,11251,Sports & Outdoors
TX_101636,CUST_0245,07-03-2026,8664,Apparel
TX_101637,CUST_0245,22-12-2025,10944,Sports & Outdoors
TX_101638,CUST_0245,02-12-2025,12127,Sports & Outdoors
TX_101639,CUST_0245,03-11-2025,14059,Home & Kitchen
TX_101640,CUST_0245,24-10-2025,10361,Apparel
TX_101641,CUST_0245,31-07-2025,11669,Sports & Outdoors
TX_101642,CUST_0245,07-05-2025,11024,Apparel
TX_101643,CUST_0245,11-03-2025,10197,Beauty & Health
TX_101644,CUST_0245,02-01-2025,10858,Home & Kitchen
TX_101645,CUST_0246,11-10-2025,1945,Beauty & Health
TX_101646,CUST_0247,15-05-2026,4485,Electronics
TX_101647,CUST_0247,07-04-2026,3914,Electronics
TX_101648,CUST_0247,19-03-2026,2148,Sports & Outdoors
TX_101649,CUST_0247,27-01-2026,1920,Electronics
TX_101650,CUST_0247,28-12-2025,2656,Apparel
TX_101651,CUST_0247,15-10-2025,3823,Apparel
TX_101652,CUST_0247,24-08-2025,3473,Beauty & Health
TX_101653,CUST_0247,10-07-2025,3127,Electronics
TX_101654,CUST_0247,03-05-2025,2157,Apparel
TX_101655,CUST_0247,02-02-2025,3799,Home & Kitchen
TX_101656,CUST_0248,13-05-2026,7325,Home & Kitchen
TX_101657,CUST_0248,23-02-2026,7625,Apparel
TX_101658,CUST_0248,14-12-2025,8472,Beauty & Health
TX_101659,CUST_0249,17-01-2026,1700,Beauty & Health
TX_101660,CUST_0249,11-12-2025,2461,Home & Kitchen
TX_101661,CUST_0250,25-11-2025,2285,Home & Kitchen
TX_101662,CUST_0250,07-09-2025,2131,Sports & Outdoors
TX_101663,CUST_0251,16-05-2026,3143,Beauty & Health
TX_101664,CUST_0251,16-04-2026,3745,Home & Kitchen
TX_101665,CUST_0251,01-03-2026,3520,Beauty & Health
TX_101666,CUST_0251,12-01-2026,4206,Electronics
TX_101667,CUST_0251,30-12-2025,5060,Apparel
TX_101668,CUST_0251,21-11-2025,4179,Electronics
TX_101669,CUST_0251,23-08-2025,2998,Electronics
TX_101670,CUST_0251,13-07-2025,2559,Beauty & Health
TX_101671,CUST_0251,29-06-2025,3203,Apparel
TX_101672,CUST_0252,28-11-2025,1913,Electronics
TX_101673,CUST_0252,20-10-2025,2183,Electronics
TX_101674,CUST_0253,30-05-2026,16262,Sports & Outdoors
TX_101675,CUST_0253,01-05-2026,11984,Apparel
TX_101676,CUST_0253,17-04-2026,9900,Sports & Outdoors
TX_101677,CUST_0253,25-02-2026,12722,Electronics
TX_101678,CUST_0253,05-12-2025,14516,Electronics
TX_101679,CUST_0253,10-09-2025,10245,Apparel
TX_101680,CUST_0253,10-07-2025,12077,Apparel
TX_101681,CUST_0253,30-06-2025,9253,Apparel
TX_101682,CUST_0253,17-05-2025,12910,Apparel
TX_101683,CUST_0253,11-04-2025,13886,Beauty & Health
TX_101684,CUST_0254,25-05-2026,13402,Home & Kitchen
TX_101685,CUST_0254,10-03-2026,11662,Electronics
TX_101686,CUST_0254,13-12-2025,12863,Electronics
TX_101687,CUST_0254,01-11-2025,12193,Electronics
TX_101688,CUST_0254,23-08-2025,13057,Electronics
TX_101689,CUST_0254,15-06-2025,10836,Apparel
TX_101690,CUST_0254,10-05-2025,10526,Beauty & Health
TX_101691,CUST_0254,19-03-2025,12417,Sports & Outdoors
TX_101692,CUST_0254,20-02-2025,12585,Apparel
TX_101693,CUST_0254,20-01-2025,13099,Home & Kitchen
TX_101694,CUST_0255,22-05-2026,7636,Home & Kitchen
TX_101695,CUST_0255,23-02-2026,8001,Sports & Outdoors
TX_101696,CUST_0255,26-01-2026,6784,Beauty & Health
TX_101697,CUST_0255,29-12-2025,5687,Home & Kitchen
TX_101698,CUST_0255,28-11-2025,8676,Apparel
TX_101699,CUST_0256,14-12-2025,1770,Sports & Outdoors
TX_101700,CUST_0256,19-10-2025,2610,Apparel
TX_101701,CUST_0257,17-01-2026,2241,Electronics
TX_101702,CUST_0257,07-11-2025,1984,Sports & Outdoors
TX_101703,CUST_0258,03-03-2026,705,Sports & Outdoors
TX_101704,CUST_0259,13-05-2026,6076,Home & Kitchen
TX_101705,CUST_0259,30-03-2026,8897,Beauty & Health
TX_101706,CUST_0260,26-05-2026,15241,Home & Kitchen
TX_101707,CUST_0260,02-03-2026,10714,Home & Kitchen
TX_101708,CUST_0260,02-12-2025,10208,Home & Kitchen
TX_101709,CUST_0260,20-11-2025,13599,Home & Kitchen
TX_101710,CUST_0260,20-10-2025,10526,Electronics
TX_101711,CUST_0260,09-10-2025,11917,Home & Kitchen
TX_101712,CUST_0260,02-09-2025,13959,Apparel
TX_101713,CUST_0260,07-07-2025,11151,Apparel
TX_101714,CUST_0260,30-04-2025,14992,Home & Kitchen
TX_101715,CUST_0260,10-04-2025,8657,Sports & Outdoors
TX_101716,CUST_0260,28-02-2025,12689,Home & Kitchen
TX_101717,CUST_0260,10-01-2025,10441,Electronics
TX_101718,CUST_0261,17-12-2025,1898,Electronics
TX_101719,CUST_0261,23-10-2025,1581,Apparel
TX_101720,CUST_0261,12-10-2025,1965,Electronics
TX_101721,CUST_0261,12-09-2025,1863,Sports & Outdoors
TX_101722,CUST_0262,19-05-2026,7737,Sports & Outdoors
TX_101723,CUST_0262,25-02-2026,6772,Sports & Outdoors
TX_101724,CUST_0263,20-11-2025,1593,Apparel
TX_101725,CUST_0264,15-05-2026,3273,Apparel
TX_101726,CUST_0264,06-03-2026,3295,Home & Kitchen
TX_101727,CUST_0264,07-01-2026,5127,Beauty & Health
TX_101728,CUST_0264,30-10-2025,3785,Home & Kitchen
TX_101729,CUST_0264,19-09-2025,3438,Sports & Outdoors
TX_101730,CUST_0264,28-08-2025,2922,Home & Kitchen
TX_101731,CUST_0265,15-05-2026,2769,Sports & Outdoors
TX_101732,CUST_0265,16-04-2026,4357,Electronics
TX_101733,CUST_0265,01-03-2026,2710,Beauty & Health
TX_101734,CUST_0265,11-01-2026,2916,Beauty & Health
TX_101735,CUST_0265,13-11-2025,4140,Beauty & Health
TX_101736,CUST_0265,03-09-2025,4034,Home & Kitchen
TX_101737,CUST_0265,20-08-2025,3875,Beauty & Health
TX_101738,CUST_0265,08-07-2025,3512,Home & Kitchen
TX_101739,CUST_0265,06-05-2025,2850,Beauty & Health
TX_101740,CUST_0266,23-05-2026,4530,Electronics
TX_101741,CUST_0266,28-04-2026,3571,Home & Kitchen
TX_101742,CUST_0266,15-02-2026,3294,Home & Kitchen
TX_101743,CUST_0266,09-12-2025,3961,Home & Kitchen
TX_101744,CUST_0266,14-10-2025,4179,Beauty & Health
TX_101745,CUST_0266,28-09-2025,3123,Electronics
TX_101746,CUST_0266,04-07-2025,2900,Beauty & Health
TX_101747,CUST_0266,08-05-2025,3369,Beauty & Health
TX_101748,CUST_0266,27-03-2025,3843,Sports & Outdoors
TX_101749,CUST_0266,22-01-2025,3598,Home & Kitchen
TX_101750,CUST_0267,08-05-2026,4095,Apparel
TX_101751,CUST_0267,28-03-2026,3836,Beauty & Health
TX_101752,CUST_0267,12-03-2026,1655,Apparel
TX_101753,CUST_0267,14-01-2026,2924,Home & Kitchen
TX_101754,CUST_0267,23-10-2025,2786,Home & Kitchen
TX_101755,CUST_0267,14-08-2025,2514,Sports & Outdoors
TX_101756,CUST_0267,08-07-2025,4588,Sports & Outdoors
TX_101757,CUST_0267,04-05-2025,3115,Sports & Outdoors
TX_101758,CUST_0267,20-03-2025,2485,Home & Kitchen
TX_101759,CUST_0267,15-02-2025,4022,Beauty & Health
TX_101760,CUST_0267,01-01-2025,2186,Beauty & Health
TX_101761,CUST_0268,11-05-2026,2792,Electronics
TX_101762,CUST_0268,01-04-2026,3618,Apparel
TX_101763,CUST_0268,02-02-2026,3240,Sports & Outdoors
TX_101764,CUST_0268,16-11-2025,2177,Electronics
TX_101765,CUST_0268,21-10-2025,4219,Home & Kitchen
TX_101766,CUST_0268,24-08-2025,3506,Apparel
TX_101767,CUST_0268,29-05-2025,4475,Beauty & Health
TX_101768,CUST_0268,04-05-2025,5409,Apparel
TX_101769,CUST_0269,12-05-2026,8339,Beauty & Health
TX_101770,CUST_0269,30-04-2026,9221,Sports & Outdoors
TX_101771,CUST_0269,10-03-2026,6618,Apparel
TX_101772,CUST_0270,30-05-2026,11615,Sports & Outdoors
TX_101773,CUST_0270,22-03-2026,13083,Electronics
TX_101774,CUST_0270,07-01-2026,10775,Electronics
TX_101775,CUST_0270,14-12-2025,10819,Electronics
TX_101776,CUST_0270,18-09-2025,10345,Sports & Outdoors
TX_101777,CUST_0270,28-07-2025,12792,Electronics
TX_101778,CUST_0270,28-06-2025,14106,Electronics
TX_101779,CUST_0270,18-05-2025,13202,Home & Kitchen
TX_101780,CUST_0270,10-03-2025,10377,Beauty & Health
TX_101781,CUST_0270,20-02-2025,10898,Electronics
TX_101782,CUST_0270,10-02-2025,11507,Apparel
TX_101783,CUST_0270,27-01-2025,13340,Beauty & Health
TX_101784,CUST_0271,24-05-2026,3037,Apparel
TX_101785,CUST_0271,03-03-2026,2849,Home & Kitchen
TX_101786,CUST_0271,13-01-2026,3120,Sports & Outdoors
TX_101787,CUST_0271,04-11-2025,3161,Apparel
TX_101788,CUST_0271,30-08-2025,3739,Sports & Outdoors
TX_101789,CUST_0271,14-07-2025,2218,Beauty & Health
TX_101790,CUST_0271,15-06-2025,5075,Beauty & Health
TX_101791,CUST_0271,20-05-2025,3186,Apparel
TX_101792,CUST_0271,22-04-2025,2272,Electronics
TX_101793,CUST_0271,25-01-2025,3819,Beauty & Health
TX_101794,CUST_0272,07-05-2026,8228,Home & Kitchen
TX_101795,CUST_0272,17-04-2026,8935,Apparel
TX_101796,CUST_0272,31-03-2026,5526,Apparel
TX_101797,CUST_0272,23-01-2026,8147,Apparel
TX_101798,CUST_0273,12-05-2026,7115,Electronics
TX_101799,CUST_0273,23-04-2026,7931,Sports & Outdoors
TX_101800,CUST_0274,29-04-2026,3044,Home & Kitchen
TX_101801,CUST_0274,20-02-2026,4384,Sports & Outdoors
TX_101802,CUST_0274,10-02-2026,3024,Sports & Outdoors
TX_101803,CUST_0274,30-12-2025,3511,Electronics
TX_101804,CUST_0274,29-10-2025,3474,Sports & Outdoors
TX_101805,CUST_0274,04-08-2025,3451,Electronics
TX_101806,CUST_0274,21-06-2025,4592,Electronics
TX_101807,CUST_0274,09-04-2025,4548,Sports & Outdoors
TX_101808,CUST_0274,09-01-2025,4048,Electronics
TX_101809,CUST_0275,14-05-2026,8336,Sports & Outdoors
TX_101810,CUST_0275,10-04-2026,11373,Home & Kitchen
TX_101811,CUST_0275,09-02-2026,7053,Home & Kitchen
TX_101812,CUST_0276,24-05-2026,2330,Home & Kitchen
TX_101813,CUST_0276,09-04-2026,3805,Apparel
TX_101814,CUST_0276,28-03-2026,3788,Home & Kitchen
TX_101815,CUST_0276,21-02-2026,2787,Home & Kitchen
TX_101816,CUST_0276,16-01-2026,6159,Electronics
TX_101817,CUST_0276,05-12-2025,4132,Beauty & Health
TX_101818,CUST_0276,19-10-2025,3625,Electronics
TX_101819,CUST_0276,23-08-2025,3764,Home & Kitchen
TX_101820,CUST_0276,10-08-2025,3381,Beauty & Health
TX_101821,CUST_0277,27-05-2026,16229,Home & Kitchen
TX_101822,CUST_0277,06-04-2026,14455,Beauty & Health
TX_101823,CUST_0277,13-01-2026,13080,Home & Kitchen
TX_101824,CUST_0277,26-10-2025,11798,Home & Kitchen
TX_101825,CUST_0277,13-09-2025,9914,Electronics
TX_101826,CUST_0277,24-06-2025,8550,Beauty & Health
TX_101827,CUST_0277,08-04-2025,11307,Electronics
TX_101828,CUST_0277,20-02-2025,14681,Sports & Outdoors
TX_101829,CUST_0277,08-02-2025,11777,Sports & Outdoors
TX_101830,CUST_0277,12-01-2025,13902,Sports & Outdoors
TX_101831,CUST_0278,24-04-2026,2471,Beauty & Health
TX_101832,CUST_0278,21-03-2026,3623,Beauty & Health
TX_101833,CUST_0278,02-03-2026,4392,Home & Kitchen
TX_101834,CUST_0278,27-12-2025,3365,Apparel
TX_101835,CUST_0278,12-11-2025,3998,Sports & Outdoors
TX_101836,CUST_0278,04-09-2025,3326,Sports & Outdoors
TX_101837,CUST_0278,29-06-2025,4197,Apparel
TX_101838,CUST_0278,31-05-2025,3971,Apparel
TX_101839,CUST_0278,09-04-2025,2326,Electronics
TX_101840,CUST_0278,21-03-2025,4333,Electronics
TX_101841,CUST_0279,26-05-2026,2480,Sports & Outdoors
TX_101842,CUST_0279,21-04-2026,3352,Electronics
TX_101843,CUST_0279,16-03-2026,4142,Home & Kitchen
TX_101844,CUST_0279,17-01-2026,3717,Electronics
TX_101845,CUST_0279,24-10-2025,2539,Home & Kitchen
TX_101846,CUST_0279,29-09-2025,3222,Electronics
TX_101847,CUST_0279,08-09-2025,2906,Home & Kitchen
TX_101848,CUST_0279,07-08-2025,2256,Beauty & Health
TX_101849,CUST_0279,25-05-2025,4079,Electronics
TX_101850,CUST_0279,02-03-2025,2895,Beauty & Health
TX_101851,CUST_0280,14-05-2026,7604,Home & Kitchen
TX_101852,CUST_0281,23-05-2026,7779,Beauty & Health
TX_101853,CUST_0281,30-03-2026,7843,Sports & Outdoors
TX_101854,CUST_0281,20-02-2026,6928,Electronics
TX_101855,CUST_0281,30-01-2026,7085,Home & Kitchen
TX_101856,CUST_0282,25-05-2026,13129,Beauty & Health
TX_101857,CUST_0282,05-05-2026,13203,Sports & Outdoors
TX_101858,CUST_0282,13-04-2026,14039,Home & Kitchen
TX_101859,CUST_0282,11-02-2026,13314,Electronics
TX_101860,CUST_0282,27-12-2025,16248,Electronics
TX_101861,CUST_0282,30-09-2025,13509,Beauty & Health
TX_101862,CUST_0282,07-09-2025,10577,Beauty & Health
TX_101863,CUST_0282,28-07-2025,13510,Sports & Outdoors
TX_101864,CUST_0282,20-06-2025,11782,Beauty & Health
TX_101865,CUST_0282,09-05-2025,10180,Sports & Outdoors
TX_101866,CUST_0282,06-04-2025,14194,Apparel
TX_101867,CUST_0283,04-05-2026,2713,Beauty & Health
TX_101868,CUST_0283,21-04-2026,3510,Sports & Outdoors
TX_101869,CUST_0283,01-02-2026,3995,Sports & Outdoors
TX_101870,CUST_0283,06-01-2026,4378,Sports & Outdoors
TX_101871,CUST_0283,15-12-2025,3672,Home & Kitchen
TX_101872,CUST_0283,06-11-2025,3676,Sports & Outdoors
TX_101873,CUST_0283,30-08-2025,2956,Apparel
TX_101874,CUST_0283,06-08-2025,4812,Apparel
TX_101875,CUST_0283,12-07-2025,4562,Home & Kitchen
TX_101876,CUST_0283,23-04-2025,3277,Sports & Outdoors
TX_101877,CUST_0283,07-03-2025,3449,Home & Kitchen
TX_101878,CUST_0284,23-05-2026,11407,Home & Kitchen
TX_101879,CUST_0284,23-04-2026,11277,Sports & Outdoors
TX_101880,CUST_0284,19-02-2026,11708,Home & Kitchen
TX_101881,CUST_0284,21-12-2025,14410,Sports & Outdoors
TX_101882,CUST_0284,27-09-2025,11831,Home & Kitchen
TX_101883,CUST_0284,24-08-2025,9751,Beauty & Health
TX_101884,CUST_0284,14-07-2025,14355,Beauty & Health
TX_101885,CUST_0284,21-05-2025,13143,Electronics
TX_101886,CUST_0284,02-05-2025,11937,Beauty & Health
TX_101887,CUST_0284,25-03-2025,11257,Home & Kitchen
TX_101888,CUST_0284,08-02-2025,16389,Home & Kitchen
TX_101889,CUST_0284,12-01-2025,12717,Home & Kitchen
TX_101890,CUST_0285,22-11-2025,2955,Electronics
TX_101891,CUST_0286,08-05-2026,8585,Beauty & Health
TX_101892,CUST_0286,09-03-2026,10124,Sports & Outdoors
TX_101893,CUST_0287,17-05-2026,13097,Sports & Outdoors
TX_101894,CUST_0287,05-04-2026,14052,Home & Kitchen
TX_101895,CUST_0287,09-02-2026,15347,Apparel
TX_101896,CUST_0287,17-12-2025,10513,Apparel
TX_101897,CUST_0287,23-10-2025,11093,Electronics
TX_101898,CUST_0287,12-09-2025,12696,Beauty & Health
TX_101899,CUST_0287,29-07-2025,13965,Apparel
TX_101900,CUST_0287,23-05-2025,9240,Home & Kitchen
TX_101901,CUST_0287,07-05-2025,11005,Home & Kitchen
TX_101902,CUST_0287,17-03-2025,11315,Sports & Outdoors
TX_101903,CUST_0287,08-01-2025,10683,Sports & Outdoors
TX_101904,CUST_0288,17-05-2026,4093,Apparel
TX_101905,CUST_0288,20-04-2026,3816,Beauty & Health
TX_101906,CUST_0288,20-02-2026,2259,Apparel
TX_101907,CUST_0288,28-01-2026,3048,Apparel
TX_101908,CUST_0288,12-12-2025,2807,Electronics
TX_101909,CUST_0288,15-09-2025,4449,Beauty & Health
TX_101910,CUST_0288,25-06-2025,3238,Sports & Outdoors
TX_101911,CUST_0288,05-06-2025,2981,Sports & Outdoors
TX_101912,CUST_0288,15-04-2025,3797,Beauty & Health
TX_101913,CUST_0288,08-03-2025,4654,Home & Kitchen
TX_101914,CUST_0288,01-01-2025,4065,Home & Kitchen
TX_101915,CUST_0289,03-05-2026,4341,Sports & Outdoors
TX_101916,CUST_0289,22-02-2026,4067,Home & Kitchen
TX_101917,CUST_0289,06-12-2025,3607,Sports & Outdoors
TX_101918,CUST_0289,17-10-2025,3291,Electronics
TX_101919,CUST_0289,24-09-2025,3686,Electronics
TX_101920,CUST_0289,29-06-2025,4538,Apparel
TX_101921,CUST_0289,21-05-2025,2572,Home & Kitchen
TX_101922,CUST_0289,28-03-2025,5318,Electronics
TX_101923,CUST_0290,28-05-2026,8979,Home & Kitchen
TX_101924,CUST_0290,04-03-2026,8998,Electronics
TX_101925,CUST_0291,22-05-2026,9268,Beauty & Health
TX_101926,CUST_0291,24-03-2026,6583,Electronics
TX_101927,CUST_0292,03-05-2026,4851,Electronics
TX_101928,CUST_0292,21-04-2026,3157,Sports & Outdoors
TX_101929,CUST_0292,24-01-2026,4118,Apparel
TX_101930,CUST_0292,07-01-2026,2372,Apparel
TX_101931,CUST_0292,18-10-2025,5494,Electronics
TX_101932,CUST_0292,01-10-2025,3821,Beauty & Health
TX_101933,CUST_0292,05-08-2025,2979,Beauty & Health
TX_101934,CUST_0292,14-07-2025,4729,Electronics
TX_101935,CUST_0292,13-06-2025,4112,Home & Kitchen
TX_101936,CUST_0292,03-06-2025,1801,Sports & Outdoors
TX_101937,CUST_0293,13-05-2026,1873,Sports & Outdoors
TX_101938,CUST_0293,28-04-2026,3790,Sports & Outdoors
TX_101939,CUST_0293,04-03-2026,3179,Apparel
TX_101940,CUST_0293,15-02-2026,3154,Apparel
TX_101941,CUST_0293,06-12-2025,2739,Beauty & Health
TX_101942,CUST_0293,12-09-2025,3402,Electronics
TX_101943,CUST_0293,21-08-2025,3482,Beauty & Health
TX_101944,CUST_0293,06-06-2025,3716,Home & Kitchen
TX_101945,CUST_0294,17-05-2026,8075,Home & Kitchen
TX_101946,CUST_0294,30-03-2026,8487,Apparel
TX_101947,CUST_0294,30-01-2026,6620,Apparel
TX_101948,CUST_0295,24-05-2026,9601,Home & Kitchen
TX_101949,CUST_0295,11-04-2026,8837,Electronics
TX_101950,CUST_0295,06-02-2026,7630,Home & Kitchen
TX_101951,CUST_0296,23-11-2025,1196,Apparel
TX_101952,CUST_0296,12-09-2025,2511,Beauty & Health
TX_101953,CUST_0297,13-05-2026,3360,Apparel
TX_101954,CUST_0297,29-04-2026,3155,Sports & Outdoors
TX_101955,CUST_0297,18-02-2026,3951,Apparel
TX_101956,CUST_0297,09-12-2025,3822,Electronics
TX_101957,CUST_0297,16-11-2025,4434,Home & Kitchen
TX_101958,CUST_0297,23-10-2025,4390,Apparel
TX_101959,CUST_0297,14-09-2025,3509,Apparel
TX_101960,CUST_0297,31-08-2025,2692,Electronics
TX_101961,CUST_0297,03-07-2025,2759,Sports & Outdoors
TX_101962,CUST_0297,31-05-2025,2472,Home & Kitchen
TX_101963,CUST_0297,11-05-2025,3234,Sports & Outdoors
TX_101964,CUST_0297,23-04-2025,4596,Home & Kitchen
TX_101965,CUST_0297,14-03-2025,3292,Electronics
TX_101966,CUST_0298,25-04-2026,6542,Beauty & Health
TX_101967,CUST_0298,01-02-2026,9384,Beauty & Health
TX_101968,CUST_0298,04-12-2025,8442,Beauty & Health
TX_101969,CUST_0299,17-05-2026,4221,Beauty & Health
TX_101970,CUST_0299,05-05-2026,3314,Beauty & Health
TX_101971,CUST_0299,01-03-2026,3374,Home & Kitchen
TX_101972,CUST_0299,12-01-2026,2834,Apparel
TX_101973,CUST_0299,15-12-2025,3885,Apparel
TX_101974,CUST_0299,30-11-2025,4175,Sports & Outdoors
TX_101975,CUST_0299,23-09-2025,3150,Beauty & Health
TX_101976,CUST_0299,23-07-2025,3252,Beauty & Health
TX_101977,CUST_0299,05-05-2025,3798,Sports & Outdoors
TX_101978,CUST_0299,27-03-2025,3349,Home & Kitchen
TX_101979,CUST_0299,25-01-2025,3584,Beauty & Health
TX_101980,CUST_0300,09-11-2025,1795,Apparel
TX_101981,CUST_0300,20-09-2025,2438,Sports & Outdoors
